<?xml version='1.0' encoding='utf-8' ?>
<MasterContents xmlns='http://schemas.microsoft.com/office/visio/2012/main' xmlns:r='http://schemas.openxmlformats.org/officeDocument/2006/relationships' xml:space='preserve'><Shapes><Shape ID='5' Type='Group' LineStyle='3' FillStyle='3' TextStyle='3'><Cell N='PinX' V='1.951423064304462' U='MM'/><Cell N='PinY' V='1.985584798447416' U='MM'/><Cell N='Width' V='1.968503937007874' U='MM'/><Cell N='Height' V='2.952755905511811' U='MM'/><Cell N='LocPinX' V='0.984251968503937' U='MM' F='Width*0.5'/><Cell N='LocPinY' V='1.476377952755906' U='MM' F='Height*0.5'/><Cell N='Angle' V='0'/><Cell N='FlipX' V='0' F='GUARD(FALSE)'/><Cell N='FlipY' V='0' F='GUARD(FALSE)'/><Cell N='ResizeMode' V='0'/><Cell N='GlueType' V='8'/><Cell N='NoProofing' V='1'/><Cell N='LeftMargin' V='0.08333333333333333' U='PT'/><Cell N='RightMargin' V='0.08333333333333333' U='PT'/><Cell N='DefaultTabStop' V='0.5905511811023622' U='MM'/><Cell N='LineColor' V='0' F='GUARD(IF(Sheet.8!User.HLineVisible,Sheet.8!LineColor,Sheet.6!LineColor))'/><Cell N='FillForegnd' V='1' F='GUARD(IF(Sheet.8!User.HFillVisible,Sheet.8!FillForegnd,Sheet.6!FillForegnd))'/><Cell N='FillBkgnd' V='#ffffff' F='GUARD(IF(Sheet.8!User.HFillVisible,Sheet.8!FillBkgnd,Sheet.6!FillBkgnd))'/><Cell N='FillPattern' V='1' F='GUARD(IF(Sheet.8!User.HFillVisible,Sheet.8!FillPattern,Sheet.6!FillPattern))'/><Cell N='ShapePlaceStyle' V='15'/><Cell N='DisplayLevel' V='-25000'/><Cell N='LockCalcWH' V='1'/><Cell N='DisplayMode' V='1'/><Cell N='IsTextEditTarget' V='0'/><Cell N='DontMoveChildren' V='1'/><Cell N='EventDblClick' V='0' F='OPENTEXTWIN()'/><Cell N='LayerMember' V='0'/><Cell N='FillGradientEnabled' V='0' F='GUARD(FALSE)'/><Cell N='QuickStyleLineColor' V='102'/><Cell N='QuickStyleFillColor' V='102'/><Cell N='QuickStyleShadowColor' V='102'/><Cell N='QuickStyleFontColor' V='102'/><Cell N='QuickStyleLineMatrix' V='102'/><Cell N='QuickStyleFillMatrix' V='102'/><Cell N='QuickStyleEffectsMatrix' V='102'/><Cell N='QuickStyleFontMatrix' V='102'/><Cell N='HelpTopic' V='Vis_PRXY.chm!#60750'/><Cell N='Copyright' V='Copyright (c) 2012 Microsoft Corporation.  All rights reserved.'/><Section N='User'><Row N='msvShapeCategories'><Cell N='Value' V='0'/><Cell N='Prompt' V=''/></Row><Row N='msvStructureType'><Cell N='Value' V='Container' U='STR'/><Cell N='Prompt' V=''/></Row><Row N='msvSDContainerMargin'><Cell N='Value' V='0.1181102362204724' U='MM' F='3MM*DropOnPageScale'/><Cell N='Prompt' V=''/></Row><Row N='msvSDContainerResize'><Cell N='Value' V='1'/><Cell N='Prompt' V=''/></Row><Row N='msvSDContainerLocked'><Cell N='Value' V='0' U='BOOL'/><Cell N='Prompt' V=''/></Row><Row N='msvSDContainerNoHighlight'><Cell N='Value' V='0' U='BOOL'/><Cell N='Prompt' V=''/></Row><Row N='msvSDContainerNoRibbon'><Cell N='Value' V='0' U='BOOL'/><Cell N='Prompt' V=''/></Row><Row N='msvSDContainerStyle'><Cell N='Value' V='1'/><Cell N='Prompt' V=''/></Row><Row N='msvSDContainerStyleCount'><Cell N='Value' V='1'/><Cell N='Prompt' V=''/></Row><Row N='msvSDContainerRequiredCategories'><Cell N='Value' V='0'/><Cell N='Prompt' V=''/></Row><Row N='msvSDContainerExcludedCategories'><Cell N='Value' V='DoNotContain' U='STR'/><Cell N='Prompt' V=''/></Row><Row N='msvSDHeadingStyle'><Cell N='Value' V='1'/><Cell N='Prompt' V=''/></Row><Row N='msvSDHeadingStyleCount'><Cell N='Value' V='4'/><Cell N='Prompt' V=''/></Row><Row N='HeadingSide'><Cell N='Value' V='0' F='IF(User.msvSDHeadingStyle=0,0,MODULUS(User.msvSDHeadingStyle-1,4))'/><Cell N='Prompt' V=''/></Row><Row N='HeadingSpan'><Cell N='Value' V='0' F='IF(OR(THEMEPROP("Embellishment")=0,THEMEPROP("Embellishment")=2),0,1)'/><Cell N='Prompt' V=''/></Row><Row N='HeadingAlign'><Cell N='Value' V='0' F='IF(THEMEPROP("Embellishment")=3,2,0)'/><Cell N='Prompt' V=''/></Row><Row N='RTL'><Cell N='Value' V='0' U='BOOL'/><Cell N='Prompt' V=''/></Row><Row N='FnForceContrast'><Cell N='Value' V='#ffffff' U='COLOR' F='IF(ABS(LUMDIFF(ARG("C"),ARG("XC")))&lt;ARG("DL",90),HSL(HUE(ARG("C")),SAT(ARG("C")),IF(ABS(240-LUM(ARG("C"))-LUM(ARG("XC")))&gt;ARG("DL",90),240-LUM(ARG("C")),IF(LUM(ARG("XC"))&gt;LUM(ARG("C")),MAX(LUM(ARG("XC"))-ARG("DL",90),0),MIN(LUM(ARG("XC"))+ARG("DL",90),240)))),ARG("C"))'/><Cell N='Prompt' V=''/></Row><Row N='BaseColor'><Cell N='Value' V='1' F='Sheet.8!User.BaseColor'/><Cell N='Prompt' V=''/></Row><Row N='HColor1'><Cell N='Value' V='#ffffff' U='COLOR' F='HSL(HUE(User.BaseColor),SAT(User.BaseColor),IF(LUM(User.BaseColor)&lt;=120,180+LUM(User.BaseColor)*0.2083,205+(LUM(User.BaseColor)-120)*0.2917))'/><Cell N='Prompt' V=''/></Row><Row N='HColor2'><Cell N='Value' V='#fefefe' U='COLOR' F='HSL(HUE(User.BaseColor),SAT(User.BaseColor),IF(LUM(User.BaseColor)&lt;=120,110+LUM(User.BaseColor)*0.375,155+(LUM(User.BaseColor)-120)*0.7083))'/><Cell N='Prompt' V=''/></Row><Row N='HColor3'><Cell N='Value' V='#e9e9e9' U='COLOR' F='HSL(HUE(User.BaseColor),SAT(User.BaseColor),IF(LUM(User.BaseColor)&lt;=120,40+LUM(User.BaseColor)*0.6667,120+(LUM(User.BaseColor)-120)*0.8333))'/><Cell N='Prompt' V=''/></Row><Row N='HColor4'><Cell N='Value' V='#efefef' U='COLOR' F='HSL(HUE(User.BaseColor),IF(SAT(User.BaseColor)=0,0,MIN(SAT(User.BaseColor)+IF(LUM(User.BaseColor)&lt;=120,30,35),240)),IF(LUM(User.BaseColor)&lt;=120,80+LUM(User.BaseColor)*0.7917,175+(LUM(User.BaseColor)-120)*0.4167))'/><Cell N='Prompt' V=''/></Row><Row N='BColor1'><Cell N='Value' V='#ffffff' U='COLOR' F='TINT(User.BColor2,48)'/><Cell N='Prompt' V=''/></Row><Row N='BColor2'><Cell N='Value' V='#ffffff' U='COLOR' F='TINT(User.BaseColor,IF(LUM(User.BaseColor)&lt;80,120,IF(LUM(User.BaseColor)&lt;120,96,72)))'/><Cell N='Prompt' V=''/></Row><Row N='LineColor'><Cell N='Value' V='#d5d5d5' U='COLOR' F='SHADE(User.BaseColor,40)'/><Cell N='Prompt' V=''/></Row><Row N='visVersion'><Cell N='Value' V='15'/><Cell N='Prompt' V=''/></Row></Section><Section N='Character'><Row IX='0'><Cell N='Font' V='Calibri' F='GUARD(IF(Sheet.8!LockTextEdit=FALSE,Sheet.8!Char.Font,Sheet.6!Char.Font))'/><Cell N='Color' V='#000000' F='GUARD(IF(Sheet.8!LockTextEdit=FALSE,Sheet.8!Char.Color,Sheet.6!Char.Color))'/><Cell N='FontScale' V='1.1' F='GUARD(IF(Sheet.8!LockTextEdit=FALSE,Sheet.8!Char.FontScale,Sheet.6!Char.FontScale))'/><Cell N='Size' V='0.1388888888888889' U='PT' F='GUARD(IF(Sheet.8!LockTextEdit=FALSE,Sheet.8!Char.Size,Sheet.6!Char.Size))'/></Row></Section><Section N='Paragraph'><Row IX='0'><Cell N='IndFirst' V='0' U='MM'/><Cell N='IndLeft' V='0' U='MM'/><Cell N='IndRight' V='0' U='MM'/><Cell N='HorzAlign' V='0' F='GUARD(IF(Sheet.8!LockTextEdit=FALSE,Sheet.8!Para.HorzAlign,Sheet.6!Para.HorzAlign))'/><Cell N='TextPosAfterBullet' V='0' U='MM'/></Row></Section><Section N='Connection'><Row IX='0'><Cell N='X' V='0.4921259842519685' U='MM' F='Width*0.25'/><Cell N='Y' V='2.952755905511811' U='MM' F='Height*1'/><Cell N='DirX' V='0'/><Cell N='DirY' V='0'/><Cell N='Type' V='0'/><Cell N='AutoGen' V='0'/><Cell N='Prompt' V='' F='No Formula'/></Row><Row IX='1'><Cell N='X' V='0.984251968503937' U='MM' F='Width*0.5'/><Cell N='Y' V='2.952755905511811' U='MM' F='Height*1'/><Cell N='DirX' V='0'/><Cell N='DirY' V='0'/><Cell N='Type' V='0'/><Cell N='AutoGen' V='0'/><Cell N='Prompt' V='' F='No Formula'/></Row><Row IX='2'><Cell N='X' V='1.476377952755906' U='MM' F='Width*0.75'/><Cell N='Y' V='2.952755905511811' U='MM' F='Height*1'/><Cell N='DirX' V='0'/><Cell N='DirY' V='0'/><Cell N='Type' V='0'/><Cell N='AutoGen' V='0'/><Cell N='Prompt' V='' F='No Formula'/></Row><Row IX='3'><Cell N='X' V='1.968503937007874' U='MM' F='Width*1'/><Cell N='Y' V='2.214566929133858' U='MM' F='Height*0.75'/><Cell N='DirX' V='0'/><Cell N='DirY' V='0'/><Cell N='Type' V='0'/><Cell N='AutoGen' V='0'/><Cell N='Prompt' V='' F='No Formula'/></Row><Row IX='4'><Cell N='X' V='1.968503937007874' U='MM' F='Width*1'/><Cell N='Y' V='1.476377952755906' U='MM' F='Height*0.5'/><Cell N='DirX' V='0'/><Cell N='DirY' V='0'/><Cell N='Type' V='0'/><Cell N='AutoGen' V='0'/><Cell N='Prompt' V='' F='No Formula'/></Row><Row IX='5'><Cell N='X' V='1.968503937007874' U='MM' F='Width*1'/><Cell N='Y' V='0.7381889763779528' U='MM' F='Height*0.25'/><Cell N='DirX' V='0'/><Cell N='DirY' V='0'/><Cell N='Type' V='0'/><Cell N='AutoGen' V='0'/><Cell N='Prompt' V='' F='No Formula'/></Row><Row IX='6'><Cell N='X' V='1.476377952755906' U='MM' F='Width*0.75'/><Cell N='Y' V='0' U='MM' F='Height*0'/><Cell N='DirX' V='0'/><Cell N='DirY' V='0'/><Cell N='Type' V='0'/><Cell N='AutoGen' V='0'/><Cell N='Prompt' V='' F='No Formula'/></Row><Row IX='7'><Cell N='X' V='0.984251968503937' U='MM' F='Width*0.5'/><Cell N='Y' V='0' U='MM' F='Height*0'/><Cell N='DirX' V='0'/><Cell N='DirY' V='0'/><Cell N='Type' V='0'/><Cell N='AutoGen' V='0'/><Cell N='Prompt' V='' F='No Formula'/></Row><Row IX='8'><Cell N='X' V='0.4921259842519685' U='MM' F='Width*0.25'/><Cell N='Y' V='0' U='MM' F='Height*0'/><Cell N='DirX' V='0'/><Cell N='DirY' V='0'/><Cell N='Type' V='0'/><Cell N='AutoGen' V='0'/><Cell N='Prompt' V='' F='No Formula'/></Row><Row IX='9'><Cell N='X' V='0' U='MM' F='Width*0'/><Cell N='Y' V='0.7381889763779528' U='MM' F='Height*0.25'/><Cell N='DirX' V='0'/><Cell N='DirY' V='0'/><Cell N='Type' V='0'/><Cell N='AutoGen' V='0'/><Cell N='Prompt' V='' F='No Formula'/></Row><Row IX='10'><Cell N='X' V='0' U='MM' F='Width*0'/><Cell N='Y' V='1.476377952755906' U='MM' F='Height*0.5'/><Cell N='DirX' V='0'/><Cell N='DirY' V='0'/><Cell N='Type' V='0'/><Cell N='AutoGen' V='0'/><Cell N='Prompt' V='' F='No Formula'/></Row><Row IX='11'><Cell N='X' V='0' U='MM' F='Width*0'/><Cell N='Y' V='2.214566929133858' U='MM' F='Height*0.75'/><Cell N='DirX' V='0'/><Cell N='DirY' V='0'/><Cell N='Type' V='0'/><Cell N='AutoGen' V='0'/><Cell N='Prompt' V='' F='No Formula'/></Row></Section><Shapes><Shape ID='6' Type='Group' LineStyle='3' FillStyle='3' TextStyle='3'><Cell N='PinX' V='0.984251968503937' U='MM' F='Sheet.5!Width*0.5'/><Cell N='PinY' V='1.476377952755906' U='MM' F='Sheet.5!Height*0.5'/><Cell N='Width' V='1.968503937007874' U='MM' F='Sheet.5!Width*1'/><Cell N='Height' V='2.952755905511811' U='MM' F='Sheet.5!Height*1'/><Cell N='LocPinX' V='0.984251968503937' U='MM' F='Width*0.5'/><Cell N='LocPinY' V='1.476377952755906' U='MM' F='Height*0.5'/><Cell N='Angle' V='0'/><Cell N='FlipX' V='0'/><Cell N='FlipY' V='0'/><Cell N='ResizeMode' V='0'/><Cell N='FillForegnd' V='1' F='THEMEGUARD(SETATREF(User.FillForegndIn,,1)+SETATREF(User.FillPatternIn,SETATREFEVAL(FillPattern),1)+IF(FillPattern=1,User.BaseColor,SHADE(User.BaseColor,LUMDIFF(THEMEVAL("FillColor"),THEMEVAL("FillColor2")))))'/><Cell N='FillBkgnd' V='#ffffff' F='THEMEGUARD(SETATREF(User.FillBkgndIn,,1)+SETATREF(User.FillPatternIn,SETATREFEVAL(FillPattern),1)+IF(FillPattern&lt;&gt;1,User.BaseColor,SHADE(User.BaseColor,LUMDIFF(THEMEVAL("FillColor"),THEMEVAL("FillColor2")))))'/><Cell N='FillPattern' V='1' F='THEMEGUARD(IF(OR(User.CStyle=7,User.CStyle=10,User.CStyle=11),IF(User.HSide=1,27,IF(User.HSide=3,25,30)),1))'/><Cell N='ShdwForegnd' V='0' F='THEMEGUARD(Sheet.5!ShdwForegnd)'/><Cell N='ShdwPattern' V='0' F='THEMEGUARD(IF(User.CStyle=10,0,SETATREFEXPR(Sheet.5!ShdwPattern)))'/><Cell N='FillForegndTrans' V='0' F='THEMEGUARD(IF(User.CStyle=10,60%,0%))'/><Cell N='FillBkgndTrans' V='0' F='THEMEGUARD(IF(User.CStyle=10,60%,0%))'/><Cell N='ShdwForegndTrans' V='0' F='THEMEGUARD(Sheet.5!ShdwForegndTrans)'/><Cell N='ShapeShdwType' V='0' F='THEMEGUARD(Sheet.5!ShapeShdwType)'/><Cell N='ShapeShdwOffsetX' V='0' F='THEMEGUARD(Sheet.5!ShapeShdwOffsetX)'/><Cell N='ShapeShdwOffsetY' V='0' F='THEMEGUARD(Sheet.5!ShapeShdwOffsetY)'/><Cell N='ShapeShdwObliqueAngle' V='0' F='THEMEGUARD(Sheet.5!ShapeShdwObliqueAngle)'/><Cell N='ShapeShdwScaleFactor' V='1' F='THEMEGUARD(Sheet.5!ShapeShdwScaleFactor)'/><Cell N='NoObjHandles' V='1'/><Cell N='GlueType' V='8'/><Cell N='ObjType' V='4'/><Cell N='LineWeight' V='0.01041666666666667' F='THEMEGUARD(Sheet.5!LineWeight)'/><Cell N='LineColor' V='0' F='THEMEGUARD(IF(LockFromGroupFormat,Sheet.8!LineColor,IF(ISTHEMED(),THEMEVAL("LineColor"),0)))'/><Cell N='LinePattern' V='1' F='THEMEGUARD(Sheet.5!LinePattern)'/><Cell N='Rounding' V='0' F='THEMEGUARD(MAX(Sheet.5!Rounding,IF(User.CStyle=8,Sheet.8!User.Rounding8,0)))'/><Cell N='LineColorTrans' V='0' F='THEMEGUARD(IF(User.CStyle=11,60%,IF(AND(User.CStyle=12,Sheet.5!User.HeadingSpan=1),80%,Sheet.5!LineColorTrans)))'/><Cell N='LockCalcWH' V='1'/><Cell N='LockFromGroupFormat' V='0' F='IF(Sheet.8!User.HFillVisible,TRUE,FALSE)'/><Cell N='SelectMode' V='0'/><Cell N='EventDblClick' V='0' F='OPENTEXTWIN()'/><Cell N='LayerMember' V='0'/><Cell N='FillGradientEnabled' V='0' F='THEMEGUARD(FALSE)'/><Cell N='QuickStyleLineColor' V='102'/><Cell N='QuickStyleFillColor' V='102'/><Cell N='QuickStyleShadowColor' V='102'/><Cell N='QuickStyleFontColor' V='102'/><Cell N='QuickStyleLineMatrix' V='102'/><Cell N='QuickStyleFillMatrix' V='102'/><Cell N='QuickStyleEffectsMatrix' V='102'/><Cell N='QuickStyleFontMatrix' V='102'/><Cell N='QuickStyleVariation' V='4'/><Cell N='DefaultTabStop' V='0.5905511811023622' U='MM'/><Cell N='Copyright' V='Copyright (c) 2012 Microsoft Corporation.  All rights reserved.'/><Section N='User'><Row N='msvStructureType'><Cell N='Value' V='0'/><Cell N='Prompt' V=''/></Row><Row N='CStyle'><Cell N='Value' V='1' F='Sheet.5!User.msvSDContainerStyle'/><Cell N='Prompt' V=''/></Row><Row N='HSide'><Cell N='Value' V='0' F='Sheet.5!User.HeadingSide'/><Cell N='Prompt' V=''/></Row><Row N='HSpan'><Cell N='Value' V='0' F='IF(User.CStyle=12,0,Sheet.5!User.HeadingSpan)'/><Cell N='Prompt' V=''/></Row><Row N='HAlign'><Cell N='Value' V='0' F='Sheet.5!User.HeadingAlign'/><Cell N='Prompt' V=''/></Row><Row N='HorzAlign'><Cell N='Value' V='0' F='Sheet.8!User.HorzAlign'/><Cell N='Prompt' V=''/></Row><Row N='SquareCorners'><Cell N='Value' V='0' F='IF(OR(User.HAlign=2,User.CStyle=12),IF(AND(OR(User.HSide=1,User.HSide=2),OR(User.HSpan=0,User.HorzAlign=0)),1,0)+IF(OR(AND(User.HSide=2,OR(User.HSpan=0,User.HorzAlign=2)),AND(User.HSide=3,OR(User.HSpan=0,User.HorzAlign=0))),2,0)+IF(AND(OR(User.HSide=0,User.HSide=3),OR(User.HSpan=0,User.HorzAlign=2)),4,0)+IF(OR(AND(User.HSide=0,OR(User.HSpan=0,User.HorzAlign=0)),AND(User.HSide=1,OR(User.HSpan=0,User.HorzAlign=2))),8,0),0)'/><Cell N='Prompt' V=''/></Row><Row N='Corner6'><Cell N='Value' V='0.1968503937007874' U='MM' F='MIN(Width*0.5,Height*0.5,5MM*DropOnPageScale)'/><Cell N='Prompt' V=''/></Row><Row N='FillForegndIn'><Cell N='Value' V='1' F='THEMEGUARD(IF(OR(User.CStyle=7,User.CStyle=11),Sheet.5!User.BColor2,IF(User.CStyle=10,SHADE(Sheet.8!User.BaseColor,LUMDIFF(THEMEVAL("FillColor"),THEMEVAL("FillColor2"))),IF(ISTHEMED(),THEMEVAL("BackgroundColor"),1))))'/><Cell N='Prompt' V=''/></Row><Row N='FillBkgndIn'><Cell N='Value' V='0' F='THEMEGUARD(IF(OR(User.CStyle=7,User.CStyle=11),Sheet.5!User.BColor1,IF(User.CStyle=10,Sheet.8!User.BaseColor,IF(ISTHEMED(),SHADE(User.FillForegndIn,LUMDIFF(THEMEVAL("FillColor"),THEMEVAL("FillColor2"))),0))))'/><Cell N='Prompt' V=''/></Row><Row N='FillPatternIn'><Cell N='Value' V='1' F='FillPattern'/><Cell N='Prompt' V=''/></Row><Row N='BaseColor'><Cell N='Value' V='1' F='IF(User.FillPatternIn=1,User.FillForegndIn,User.FillBkgndIn)'/><Cell N='Prompt' V=''/></Row></Section><Section N='Character'><Row IX='0'><Cell N='Size' V='0.1388888888888889' U='PT'/></Row></Section><Section N='Paragraph'><Row IX='0'><Cell N='IndFirst' V='0' U='MM'/><Cell N='IndLeft' V='0' U='MM'/><Cell N='IndRight' V='0' U='MM'/><Cell N='TextPosAfterBullet' V='0' U='MM'/></Row></Section><Section N='Geometry' IX='0'><Cell N='NoFill' V='0'/><Cell N='NoLine' V='0' F='User.CStyle=10'/><Cell N='NoShow' V='0' F='User.CStyle=6'/><Cell N='NoSnap' V='0'/><Cell N='NoQuickDrag' V='1'/><Row T='MoveTo' IX='1'><Cell N='X' V='0' U='MM' F='Width*0'/><Cell N='Y' V='0' U='MM' F='Height*0'/></Row><Row T='LineTo' IX='2'><Cell N='X' V='0.984251968503937' U='MM' F='IF(BITAND(User.SquareCorners,1),Width*0,Width*0.5)'/><Cell N='Y' V='0' U='MM' F='Height*0'/></Row><Row T='LineTo' IX='3'><Cell N='X' V='0.984251968503937' U='MM' F='IF(BITAND(User.SquareCorners,2),Width*1,Width*0.5)'/><Cell N='Y' V='0' U='MM' F='Height*0'/></Row><Row T='LineTo' IX='4'><Cell N='X' V='1.968503937007874' U='MM' F='Width*1'/><Cell N='Y' V='0' U='MM' F='Height*0'/></Row><Row T='LineTo' IX='5'><Cell N='X' V='1.968503937007874' U='MM' F='Width*1'/><Cell N='Y' V='2.952755905511811' U='MM' F='Height*1'/></Row><Row T='LineTo' IX='6'><Cell N='X' V='0.984251968503937' U='MM' F='IF(BITAND(User.SquareCorners,4),Width*1,Width*0.5)'/><Cell N='Y' V='2.952755905511811' U='MM' F='Height*1'/></Row><Row T='LineTo' IX='7'><Cell N='X' V='0.984251968503937' U='MM' F='IF(BITAND(User.SquareCorners,8),Width*0,Width*0.5)'/><Cell N='Y' V='2.952755905511811' U='MM' F='Height*1'/></Row><Row T='LineTo' IX='8'><Cell N='X' V='0' U='MM' F='Width*0'/><Cell N='Y' V='2.952755905511811' U='MM' F='Height*1'/></Row><Row T='LineTo' IX='9'><Cell N='X' V='0' U='MM' F='Geometry1.X1'/><Cell N='Y' V='0' U='MM' F='Geometry1.Y1'/></Row></Section><Section N='Geometry' IX='1'><Cell N='NoFill' V='0'/><Cell N='NoLine' V='0'/><Cell N='NoShow' V='1' F='OR(User.CStyle&lt;&gt;6,OR(AND(OR(User.HSide=0,User.HSide=3),User.HorzAlign=0),AND(OR(User.HSide=1,User.HSide=2),User.HorzAlign=2)))'/><Cell N='NoSnap' V='0'/><Cell N='NoQuickDrag' V='1'/><Row T='MoveTo' IX='1'><Cell N='X' V='0' U='MM' F='Width*0'/><Cell N='Y' V='0' U='MM' F='Height*0'/></Row><Row T='LineTo' IX='2'><Cell N='X' V='1.771653543307087' U='MM' F='Width-User.Corner6'/><Cell N='Y' V='0' U='MM' F='Height*0'/></Row><Row T='EllipticalArcTo' IX='3'><Cell N='X' V='1.968503937007874' U='MM' F='Width*1'/><Cell N='Y' V='0.1968503937007874' U='MM' F='User.Corner6'/><Cell N='A' V='1.910846456692914' U='MM' F='Width-User.Corner6*(1-0.7071)'/><Cell N='B' V='0.05765748031496064' U='MM' F='User.Corner6*(1-0.7071)'/><Cell N='C' V='0' U='DA'/><Cell N='D' V='1'/></Row><Row T='LineTo' IX='4'><Cell N='X' V='1.968503937007874' U='MM' F='Width*1'/><Cell N='Y' V='2.952755905511811' U='MM' F='Height*1'/></Row><Row T='LineTo' IX='5'><Cell N='X' V='0.1968503937007874' U='MM' F='User.Corner6'/><Cell N='Y' V='2.952755905511811' U='MM' F='Height*1'/></Row><Row T='EllipticalArcTo' IX='6'><Cell N='X' V='0' U='MM' F='Width*0'/><Cell N='Y' V='2.755905511811024' U='MM' F='Height-User.Corner6'/><Cell N='A' V='0.05765748031496064' U='MM' F='User.Corner6*(1-0.7071)'/><Cell N='B' V='2.895098425196851' U='MM' F='Height-User.Corner6*(1-0.7071)'/><Cell N='C' V='0' U='DA'/><Cell N='D' V='1'/></Row><Row T='LineTo' IX='7'><Cell N='X' V='0' U='MM' F='Geometry2.X1'/><Cell N='Y' V='0' U='MM' F='Geometry2.Y1'/></Row></Section><Section N='Geometry' IX='2'><Cell N='NoFill' V='0'/><Cell N='NoLine' V='0'/><Cell N='NoShow' V='1' F='OR(User.CStyle&lt;&gt;6,OR(AND(OR(User.HSide=0,User.HSide=3),User.HorzAlign&lt;&gt;0),AND(OR(User.HSide=1,User.HSide=2),User.HorzAlign&lt;&gt;2)))'/><Cell N='NoSnap' V='0'/><Cell N='NoQuickDrag' V='1'/><Row T='MoveTo' IX='1'><Cell N='X' V='0.1968503937007874' U='MM' F='User.Corner6'/><Cell N='Y' V='0' U='MM' F='Height*0'/></Row><Row T='LineTo' IX='2'><Cell N='X' V='1.968503937007874' U='MM' F='Width*1'/><Cell N='Y' V='0' U='MM' F='Height*0'/></Row><Row T='LineTo' IX='3'><Cell N='X' V='1.968503937007874' U='MM' F='Width*1'/><Cell N='Y' V='2.755905511811024' U='MM' F='Height-User.Corner6'/></Row><Row T='EllipticalArcTo' IX='4'><Cell N='X' V='1.771653543307087' U='MM' F='Width-User.Corner6'/><Cell N='Y' V='2.952755905511811' U='MM' F='Height*1'/><Cell N='A' V='1.910846456692914' U='MM' F='Width-User.Corner6*(1-0.7071)'/><Cell N='B' V='2.895098425196851' U='MM' F='Height-User.Corner6*(1-0.7071)'/><Cell N='C' V='0' U='DA'/><Cell N='D' V='1'/></Row><Row T='LineTo' IX='5'><Cell N='X' V='0' U='MM' F='Width*0'/><Cell N='Y' V='2.952755905511811' U='MM' F='Height*1'/></Row><Row T='LineTo' IX='6'><Cell N='X' V='0' U='MM' F='Width*0'/><Cell N='Y' V='0.1968503937007874' U='MM' F='User.Corner6'/></Row><Row T='EllipticalArcTo' IX='7'><Cell N='X' V='0.1968503937007874' U='MM' F='Geometry3.X1'/><Cell N='Y' V='0' U='MM' F='Geometry3.Y1'/><Cell N='A' V='0.05765748031496064' U='MM' F='User.Corner6*(1-0.7071)'/><Cell N='B' V='0.05765748031496064' U='MM' F='User.Corner6*(1-0.7071)'/><Cell N='C' V='0' U='DA'/><Cell N='D' V='1'/></Row></Section><Text><cp IX='0'/><pp IX='0'/></Text><Shapes><Shape ID='7' Type='Shape' LineStyle='3' FillStyle='3' TextStyle='3'><Cell N='PinX' V='1.023622047244094' U='MM' F='Sheet.6!Width*0.5+User.OffsetX10'/><Cell N='PinY' V='1.437007874015748' U='MM' F='Sheet.6!Height*0.5+User.OffsetY10'/><Cell N='Width' V='1.968503937007874' U='MM' F='Sheet.6!Width'/><Cell N='Height' V='2.952755905511811' U='MM' F='Sheet.6!Height'/><Cell N='LocPinX' V='0.984251968503937' U='MM' F='Width*0.5'/><Cell N='LocPinY' V='1.476377952755906' U='MM' F='Height*0.5'/><Cell N='Angle' V='0'/><Cell N='FlipX' V='0'/><Cell N='FlipY' V='0'/><Cell N='ResizeMode' V='0'/><Cell N='FillForegnd' V='1' F='Sheet.6!FillForegnd'/><Cell N='FillBkgnd' V='#ffffff' F='Sheet.6!FillBkgnd'/><Cell N='FillPattern' V='1' F='Sheet.6!FillPattern'/><Cell N='ShdwForegnd' V='0' F='Sheet.6!ShdwForegnd'/><Cell N='ShdwPattern' V='0' F='Sheet.6!ShdwPattern'/><Cell N='FillForegndTrans' V='0' F='Sheet.6!FillForegndTrans'/><Cell N='FillBkgndTrans' V='0' F='Sheet.6!FillBkgndTrans'/><Cell N='ShdwForegndTrans' V='0' F='Sheet.6!ShdwForegndTrans'/><Cell N='ShapeShdwType' V='0' F='Sheet.6!ShapeShdwType'/><Cell N='ShapeShdwOffsetX' V='0' F='Sheet.6!ShapeShdwOffsetX'/><Cell N='ShapeShdwOffsetY' V='0' F='Sheet.6!ShapeShdwOffsetY'/><Cell N='ShapeShdwObliqueAngle' V='0' F='Sheet.6!ShapeShdwObliqueAngle'/><Cell N='ShapeShdwScaleFactor' V='1' F='Sheet.6!ShapeShdwScaleFactor'/><Cell N='LineWeight' V='0.01041666666666667' F='Sheet.6!LineWeight'/><Cell N='LineColor' V='0' F='Sheet.6!LineColor'/><Cell N='LinePattern' V='1' F='Sheet.6!LinePattern'/><Cell N='Rounding' V='0' F='Sheet.6!Rounding'/><Cell N='LineCap' V='0' F='Sheet.6!LineCap'/><Cell N='LineColorTrans' V='0' F='Sheet.6!LineColorTrans'/><Cell N='LockFormat' V='1'/><Cell N='LockCalcWH' V='1'/><Cell N='GlueType' V='8'/><Cell N='ObjType' V='4'/><Cell N='LayerMember' V='0'/><Cell N='QuickStyleLineColor' V='102'/><Cell N='QuickStyleFillColor' V='102'/><Cell N='QuickStyleShadowColor' V='102'/><Cell N='QuickStyleFontColor' V='102'/><Cell N='QuickStyleLineMatrix' V='102'/><Cell N='QuickStyleFillMatrix' V='102'/><Cell N='QuickStyleEffectsMatrix' V='102'/><Cell N='QuickStyleFontMatrix' V='102'/><Cell N='DefaultTabStop' V='0.5905511811023622' U='MM'/><Cell N='Copyright' V='Copyright (c) 2012 Microsoft Corporation.  All rights reserved.'/><Section N='User'><Row N='msvStructureType'><Cell N='Value' V='0'/><Cell N='Prompt' V=''/></Row><Row N='msvThemeColors'><Cell N='Value' V='0'/><Cell N='Prompt' V=''/></Row><Row N='msvThemeEffects'><Cell N='Value' V='0'/><Cell N='Prompt' V=''/></Row><Row N='CStyle'><Cell N='Value' V='1' F='Sheet.5!User.msvSDContainerStyle'/><Cell N='Prompt' V=''/></Row><Row N='HSide'><Cell N='Value' V='0' F='Sheet.5!User.HeadingSide'/><Cell N='Prompt' V=''/></Row><Row N='HSpan'><Cell N='Value' V='0' F='Sheet.5!User.HeadingSpan'/><Cell N='Prompt' V=''/></Row><Row N='HAlign'><Cell N='Value' V='0' F='Sheet.5!User.HeadingAlign'/><Cell N='Prompt' V=''/></Row><Row N='HorzAlign'><Cell N='Value' V='0' F='Sheet.8!User.HorzAlign'/><Cell N='Prompt' V=''/></Row><Row N='SquareCorners'><Cell N='Value' V='0' F='IF(User.HAlign=2,IF(AND(OR(User.HSide=1,User.HSide=2),OR(User.HSpan=0,User.HorzAlign=0)),1,0)+IF(OR(AND(User.HSide=2,OR(User.HSpan=0,User.HorzAlign=2)),AND(User.HSide=3,OR(User.HSpan=0,User.HorzAlign=0))),2,0)+IF(AND(OR(User.HSide=0,User.HSide=3),OR(User.HSpan=0,User.HorzAlign=2)),4,0)+IF(OR(AND(User.HSide=0,OR(User.HSpan=0,User.HorzAlign=0)),AND(User.HSide=1,OR(User.HSpan=0,User.HorzAlign=2))),8,0),0)'/><Cell N='Prompt' V=''/></Row><Row N='OffsetX10'><Cell N='Value' V='0.03937007874015748' U='MM' F='1MM*DropOnPageScale'/><Cell N='Prompt' V=''/></Row><Row N='OffsetY10'><Cell N='Value' V='-0.03937007874015748' U='MM' F='-1MM*DropOnPageScale'/><Cell N='Prompt' V=''/></Row></Section><Section N='Paragraph'><Row IX='0'><Cell N='IndFirst' V='0' U='MM'/><Cell N='IndLeft' V='0' U='MM'/><Cell N='IndRight' V='0' U='MM'/><Cell N='TextPosAfterBullet' V='0' U='MM'/></Row></Section><Section N='Geometry' IX='0'><Cell N='NoFill' V='0'/><Cell N='NoLine' V='1'/><Cell N='NoShow' V='1' F='User.CStyle&lt;&gt;10'/><Cell N='NoSnap' V='0'/><Cell N='NoQuickDrag' V='1'/><Row T='MoveTo' IX='1'><Cell N='X' V='0' U='MM' F='Width*0'/><Cell N='Y' V='0' U='MM' F='Height*0'/></Row><Row T='LineTo' IX='2'><Cell N='X' V='0.984251968503937' U='MM' F='IF(BITAND(User.SquareCorners,1),Width*0,Width*0.5)'/><Cell N='Y' V='0' U='MM' F='Height*0'/></Row><Row T='LineTo' IX='3'><Cell N='X' V='0.984251968503937' U='MM' F='IF(BITAND(User.SquareCorners,2),Width*1,Width*0.5)'/><Cell N='Y' V='0' U='MM' F='Height*0'/></Row><Row T='LineTo' IX='4'><Cell N='X' V='1.968503937007874' U='MM' F='Width*1'/><Cell N='Y' V='0' U='MM' F='Height*0'/></Row><Row T='LineTo' IX='5'><Cell N='X' V='1.968503937007874' U='MM' F='Width*1'/><Cell N='Y' V='2.952755905511811' U='MM' F='Height*1'/></Row><Row T='LineTo' IX='6'><Cell N='X' V='0.984251968503937' U='MM' F='IF(BITAND(User.SquareCorners,4),Width*1,Width*0.5)'/><Cell N='Y' V='2.952755905511811' U='MM' F='Height*1'/></Row><Row T='LineTo' IX='7'><Cell N='X' V='0.984251968503937' U='MM' F='IF(BITAND(User.SquareCorners,8),Width*0,Width*0.5)'/><Cell N='Y' V='2.952755905511811' U='MM' F='Height*1'/></Row><Row T='LineTo' IX='8'><Cell N='X' V='0' U='MM' F='Width*0'/><Cell N='Y' V='2.952755905511811' U='MM' F='Height*1'/></Row><Row T='LineTo' IX='9'><Cell N='X' V='0' U='MM' F='Geometry1.X1'/><Cell N='Y' V='0' U='MM' F='Geometry1.Y1'/></Row></Section></Shape></Shapes></Shape><Shape ID='8' Type='Group' LineStyle='3' FillStyle='3' TextStyle='3'><Cell N='PinX' V='0.984251968503937' U='MM' F='GUARD(IF(User.HSide=1,User.OffsetY11+User.OffsetY12,IF(User.HSide=3,Sheet.5!Width-User.OffsetY11-User.OffsetY12,Sheet.5!Width*0.5+User.Offset)))'/><Cell N='PinY' V='2.952755905511811' U='MM' F='GUARD(IF(OR(User.HSide=1,User.HSide=3),Sheet.5!Height*0.5+User.Offset,IF(User.HSide=2,User.OffsetY11+User.OffsetY12,Sheet.5!Height-User.OffsetY11-User.OffsetY12)))'/><Cell N='Width' V='1.968503937007874' U='MM' F='GUARD(IF(OR(User.HSide=1,User.HSide=3),Sheet.5!Height,Sheet.5!Width)+User.OffsetY11*2+User.Width12)'/><Cell N='Height' V='0.2952755905511811' F='GUARD(IF(User.Hidden,0,TxtHeight))'/><Cell N='LocPinX' V='0.984251968503937' U='MM' F='GUARD(Width*0.5)'/><Cell N='LocPinY' V='0.2952755905511811' F='GUARD(IF(User.HAlign=0,IF(OR(User.HSide=2,User.HSide=3),0,Height),IF(User.HAlign=2,IF(OR(User.HSide=2,User.HSide=3),Height,0),Height*0.5)))'/><Cell N='Angle' V='0' U='DEG' F='GUARD(IF(OR(User.HSide=1,User.HSide=3),90DEG,0DEG))'/><Cell N='FlipX' V='0' F='GUARD(FALSE)'/><Cell N='FlipY' V='0' F='GUARD(FALSE)'/><Cell N='ResizeMode' V='0'/><Cell N='EventDblClick' V='0' F='OPENTEXTWIN()'/><Cell N='NoObjHandles' V='1'/><Cell N='HideText' V='0' F='User.Hidden'/><Cell N='GlueType' V='8'/><Cell N='ObjType' V='4'/><Cell N='LockTextEdit' V='0' F='IF(User.Hidden,TRUE,SETATREFEXPR(FALSE))'/><Cell N='LockCalcWH' V='1'/><Cell N='TxtPinX' V='0.984251968503937' U='MM' F='User.HLeft+TxtWidth*0.5'/><Cell N='TxtPinY' V='0.1476377952755905' F='Height*0.5'/><Cell N='TxtWidth' V='1.968503937007874' U='MM' F='User.HRight-User.HLeft'/><Cell N='TxtHeight' V='0.2952755905511811' F='CEILING(TEXTHEIGHT(TheText,TxtWidth),User.HTxtMargin)'/><Cell N='TxtLocPinX' V='0.984251968503937' U='MM' F='TxtWidth*0.5'/><Cell N='TxtLocPinY' V='0.1476377952755905' F='TxtHeight*0.5'/><Cell N='TxtAngle' V='0' U='DEG' F='IF(AND(Sheet.5!User.RTL,OR(User.HSide=1,User.HSide=3)),180DEG,0DEG)'/><Cell N='LineColor' V='0' F='THEMEGUARD(IF(User.CStyle=2,IF(ISTHEMED(),THEMEVAL("LineColor"),0),IF(User.CStyle=3,IF(FillPattern&gt;1,FillBkgnd,FillForegnd),IF(User.CStyle=4,Sheet.5!User.LineColor,IF(User.CStyle=5,Sheet.5!User.LineColor,IF(User.CStyle=7,FillForegnd,IF(User.CStyle=8,Sheet.5!User.LineColor,IF(User.CStyle=9,IF(ISTHEMED(),THEMEVAL("LineColor"),0),IF(User.CStyle=11,Sheet.5!User.LineColor,IF(ISTHEMED(),THEMEVAL("LineColor"),0))))))))))'/><Cell N='Rounding' V='0' F='THEMEGUARD(IF(User.CStyle=8,0MM,THEMEVAL("LineRounding")))'/><Cell N='LineColorTrans' V='0' F='THEMEGUARD(IF(User.CStyle=11,60%,Sheet.5!LineColorTrans))'/><Cell N='SelectMode' V='0'/><Cell N='FillForegnd' V='#fefefe' F='THEMEGUARD(SETATREF(User.FillForegndIn,,1)+SETATREF(User.FillPatternIn,SETATREFEVAL(FillPattern),1)+IF(User.CStyle=4,Sheet.5!User.HColor4,IF(User.CStyle=11,1,Sheet.5!User.HColor2)))'/><Cell N='FillBkgnd' V='#ffffff' F='THEMEGUARD(SETATREF(User.FillBkgndIn,,1)+SETATREF(User.FillPatternIn,SETATREFEVAL(FillPattern),1)+IF(User.CStyle=4,Sheet.5!User.HColor3,IF(User.CStyle=11,1,Sheet.5!User.HColor1)))'/><Cell N='FillPattern' V='30' F='THEMEGUARD(30)'/><Cell N='ShdwPattern' V='0' F='GUARD(0)'/><Cell N='FillForegndTrans' V='0' F='THEMEGUARD(IF(User.CStyle=5,40%,IF(User.CStyle=11,100%,0%)))'/><Cell N='FillBkgndTrans' V='0' F='THEMEGUARD(IF(User.CStyle=5,40%,0%))'/><Cell N='LeftMargin' V='0.08333333333333333' U='PT'/><Cell N='RightMargin' V='0.08333333333333333' U='PT'/><Cell N='DefaultTabStop' V='0.5905511811023622' U='MM'/><Cell N='LayerMember' V='0'/><Cell N='FillGradientDir' V='0' F='THEMEGUARD(0)'/><Cell N='FillGradientAngle' V='4.7123889803847' U='DEG' F='THEMEGUARD(270DEG)'/><Cell N='FillGradientEnabled' V='1' F='THEMEGUARD(TRUE)'/><Cell N='UseGroupGradient' V='0' F='THEMEGUARD(FALSE)'/><Cell N='QuickStyleLineColor' V='102'/><Cell N='QuickStyleFillColor' V='102'/><Cell N='QuickStyleShadowColor' V='102'/><Cell N='QuickStyleFontColor' V='102'/><Cell N='QuickStyleLineMatrix' V='102'/><Cell N='QuickStyleFillMatrix' V='102'/><Cell N='QuickStyleEffectsMatrix' V='102'/><Cell N='QuickStyleFontMatrix' V='102'/><Cell N='QuickStyleVariation' V='2'/><Cell N='Copyright' V='Copyright (c) 2012 Microsoft Corporation.  All rights reserved.'/><Section N='User'><Row N='msvStructureType'><Cell N='Value' V='Heading' U='STR'/><Cell N='Prompt' V=''/></Row><Row N='CStyle'><Cell N='Value' V='1' F='Sheet.5!User.msvSDContainerStyle'/><Cell N='Prompt' V=''/></Row><Row N='HSide'><Cell N='Value' V='0' F='Sheet.5!User.HeadingSide'/><Cell N='Prompt' V=''/></Row><Row N='HSpan'><Cell N='Value' V='0' F='Sheet.5!User.HeadingSpan'/><Cell N='Prompt' V=''/></Row><Row N='HAlign'><Cell N='Value' V='0' F='Sheet.5!User.HeadingAlign'/><Cell N='Prompt' V=''/></Row><Row N='Hidden'><Cell N='Value' V='0' U='BOOL' F='IF(Sheet.5!User.msvSDHeadingStyle=0,TRUE,FALSE)'/><Cell N='Prompt' V=''/></Row><Row N='HorzAlign'><Cell N='Value' V='0' F='IF(Para.Flags=0,Para.HorzAlign,IF(Para.HorzAlign=0,2,IF(Para.HorzAlign=2,0,1)))'/><Cell N='Prompt' V=''/></Row><Row N='Rounding'><Cell N='Value' V='0' U='DL' F='BOUND(Rounding,0,0,0MM,MIN(Width*0.5,Height*0.5))'/><Cell N='Prompt' V=''/></Row><Row N='SquareCorners'><Cell N='Value' V='3' F='IF(User.HAlign=1,0,BITOR(IF(AND(OR(User.HSide=0,User.HSide=1),OR(User.HSpan=0,User.HorzAlign=0,User.HAlign=2)),1,0),IF(AND(OR(User.HSide=2,User.HSide=3),User.HSpan=1,User.HAlign=0,User.HorzAlign&lt;&gt;0),1,0))+BITOR(IF(AND(OR(User.HSide=0,User.HSide=1),OR(User.HSpan=0,User.HorzAlign=2,User.HAlign=2)),2,0),IF(AND(OR(User.HSide=2,User.HSide=3),User.HSpan=1,User.HAlign=0,User.HorzAlign&lt;&gt;2),2,0))+BITOR(IF(AND(OR(User.HSide=2,User.HSide=3),OR(User.HSpan=0,User.HorzAlign=2,User.HAlign=2)),4,0),IF(AND(OR(User.HSide=0,User.HSide=1),User.HSpan=1,User.HAlign=0,User.HorzAlign&lt;&gt;2),4,0))+BITOR(IF(AND(OR(User.HSide=2,User.HSide=3),OR(User.HSpan=0,User.HorzAlign=0,User.HAlign=2)),8,0),IF(AND(OR(User.HSide=0,User.HSide=1),User.HSpan=1,User.HAlign=0,User.HorzAlign&lt;&gt;0),8,0)))'/><Cell N='Prompt' V=''/></Row><Row N='Inset'><Cell N='Value' V='0' U='MM' F='IF(OR(User.CStyle=4,User.CStyle=5,User.CStyle=9),LineWeight*0.5,0MM)'/><Cell N='Prompt' V=''/></Row><Row N='InsideRadius'><Cell N='Value' V='0' U='MM' F='User.Rounding-User.Inset'/><Cell N='Prompt' V=''/></Row><Row N='InsetXInt'><Cell N='Value' V='0' U='MM' F='SQRT(User.Inset*(2*User.InsideRadius-User.Inset))'/><Cell N='Prompt' V=''/></Row><Row N='HTxtMargin'><Cell N='Value' V='0.05905511811023622' U='MM' F='1.5MM*DropOnPageScale'/><Cell N='Prompt' V=''/></Row><Row N='HTxtWidth'><Cell N='Value' V='1.968503937007874' U='MM' F='IF(User.HSpan=0,Width,CEILING(TEXTWIDTH(TheText,Width),User.HTxtMargin))'/><Cell N='Prompt' V=''/></Row><Row N='HLeft'><Cell N='Value' V='0' F='IF(User.HSpan=1,IF(User.HorzAlign=0,0,IF(User.HorzAlign=1,Width*0.5-User.HTxtWidth*0.5,Width-User.HTxtWidth)),0)'/><Cell N='Prompt' V=''/></Row><Row N='HRight'><Cell N='Value' V='1.968503937007874' U='MM' F='IF(User.HSpan=1,User.HLeft+User.HTxtWidth,Width)'/><Cell N='Prompt' V=''/></Row><Row N='SquareCorners7'><Cell N='Value' V='3' F='IF(OR(User.HSide=0,User.HSide=1),IF(AND(User.HAlign=0,User.HSpan=1),INDEX(User.HorzAlign,"7;15;11"),3),IF(AND(User.HAlign=0,User.HSpan=1),INDEX(User.HorzAlign,"14;15;13"),12))'/><Cell N='Prompt' V=''/></Row><Row N='Offset'><Cell N='Value' V='0' F='IF(AND(User.HAlign=1,User.CStyle&lt;&gt;9,User.CStyle&lt;&gt;11,User.CStyle&lt;&gt;12),User.HTxtMargin*2*IF(User.HorzAlign=0,-1,IF(User.HorzAlign=1,0,1)),0)'/><Cell N='Prompt' V=''/></Row><Row N='Rounding8'><Cell N='Value' V='0.1181102362204724' U='MM' F='MIN((User.HRight-User.HLeft)*0.5,Height*0.5,User.HTxtMargin*2)'/><Cell N='Prompt' V=''/></Row><Row N='InsetX9'><Cell N='Value' V='0' F='IF(User.CStyle=9,IF(User.HAlign&lt;&gt;2,User.HTxtMargin*0.5,0),0)'/><Cell N='Prompt' V=''/></Row><Row N='InsetY9'><Cell N='Value' V='0' F='IF(User.CStyle=9,IF(User.HAlign&lt;&gt;1,User.HTxtMargin*0.5,0),0)'/><Cell N='Prompt' V=''/></Row><Row N='OffsetY11'><Cell N='Value' V='0' F='IF(User.CStyle=11,IF(User.HAlign=0,User.HTxtMargin*0.75,IF(User.HAlign=2,-User.HTxtMargin*0.75,0)),0)'/><Cell N='Prompt' V=''/></Row><Row N='OffsetY12'><Cell N='Value' V='0' F='IF(User.CStyle=12,IF(User.HAlign=2,-User.HTxtMargin,IF(User.HAlign=1,-Height*0.5,0)),0)'/><Cell N='Prompt' V=''/></Row><Row N='Width12'><Cell N='Value' V='0' F='IF(User.CStyle=12,IF(User.HAlign=2,User.HTxtMargin*2,0),0)'/><Cell N='Prompt' V=''/></Row><Row N='msvSDContainerHeadingEdge'><Cell N='Value' V='Bottom' U='STR' F='INDEX(User.HSide,"Bottom;Right;Top;Left")'/><Cell N='Prompt' V=''/></Row><Row N='HLineVisible'><Cell N='Value' V='0' U='BOOL' F='IF(OR(User.CStyle=2,User.CStyle=3,User.CStyle=4,User.CStyle=8,User.CStyle=11),TRUE,FALSE)'/><Cell N='Prompt' V=''/></Row><Row N='HFillVisible'><Cell N='Value' V='0' U='BOOL' F='IF(OR(User.CStyle=3,User.CStyle=4,User.CStyle=5,User.CStyle=7,User.CStyle=8,User.CStyle=9,User.CStyle=11),TRUE,FALSE)'/><Cell N='Prompt' V=''/></Row><Row N='FillForegndIn'><Cell N='Value' V='#ffffff' U='COLOR' F='THEMEGUARD(IF(OR(User.CStyle=3,User.CStyle=7),User.FillBkgndIn,IF(User.CStyle=10,THEMEVAL("FillColor"),SHADE(User.FillBkgndIn,LUMDIFF(THEMEVAL("FillColor"),THEMEVAL("FillColor2"))))))'/><Cell N='Prompt' V=''/></Row><Row N='FillBkgndIn'><Cell N='Value' V='1' F='THEMEGUARD(IF(User.HFillVisible,THEMEVAL("FillColor"),IF(User.CStyle=10,TINT(THEMEVAL("FillColor"),48),IF(ISTHEMED(),THEMEVAL("BackgroundColor"),1))))'/><Cell N='Prompt' V=''/></Row><Row N='BaseColor'><Cell N='Value' V='1' F='IF(User.FillPatternIn&gt;1,User.FillBkgndIn,User.FillForegndIn)'/><Cell N='Prompt' V=''/></Row><Row N='FillPatternIn'><Cell N='Value' V='30' F='FillPattern'/><Cell N='Prompt' V=''/></Row><Row N='BackFillColor'><Cell N='Value' V='#96afcf' U='COLOR' F='THEMEVAL("FillColor")'/><Cell N='Prompt' V=''/></Row><Row N='BackLineColor'><Cell N='Value' V='#1f477d' U='COLOR' F='THEMEVAL("LineColor")'/><Cell N='Prompt' V=''/></Row><Row N='BackCharColor'><Cell N='Value' V='#000000' U='COLOR' F='THEMEVAL("TextColor")'/><Cell N='Prompt' V=''/></Row><Row N='DarkerColor'><Cell N='Value' V='#000000' U='COLOR' F='IF(AND(LUM(User.BackCharColor)&lt;LUM(User.BackFillColor),LUM(User.BackCharColor)&lt;LUM(User.BackLineColor)),User.BackCharColor,IF(LUM(User.BackLineColor)&lt;LUM(User.BackFillColor),User.BackLineColor,User.BackFillColor))'/><Cell N='Prompt' V=''/></Row></Section><Section N='Character'><Row IX='0'><Cell N='Color' V='#000000' F='IF(THEMEPROP("Embellishment")=3,THEMEVAL(),User.DarkerColor)'/><Cell N='FontScale' V='1.1'/><Cell N='Size' V='0.1388888888888889' U='PT'/><Cell N='ComplexScriptFont' V='Calibri' F='THEMEVAL("ComplexFont",4)'/></Row></Section><Section N='FillGradient'><Row IX='0'><Cell N='GradientStopColor' V='#fefefe' F='THEMEGUARD(SETATREF(User.FillForegndIn,,1)+SETATREF(User.FillPatternIn,SETATREFEVAL(FillPattern),1)+IF(User.CStyle=4,Sheet.5!User.HColor4,IF(User.CStyle=11,1,Sheet.5!User.HColor2)))'/><Cell N='GradientStopColorTrans' V='0' F='THEMEGUARD(IF(User.CStyle=5,40%,IF(User.CStyle=11,100%,0%)))'/><Cell N='GradientStopPosition' V='0' F='THEMEGUARD(0%)'/></Row><Row IX='1'><Cell N='GradientStopColor' V='#ffffff' F='THEMEGUARD(SETATREF(User.FillBkgndIn,,1)+SETATREF(User.FillPatternIn,SETATREFEVAL(FillPattern),1)+IF(User.CStyle=4,Sheet.5!User.HColor3,IF(User.CStyle=11,1,Sheet.5!User.HColor1)))'/><Cell N='GradientStopColorTrans' V='0' F='THEMEGUARD(IF(User.CStyle=5,40%,0%))'/><Cell N='GradientStopPosition' V='1' F='THEMEGUARD(100%)'/></Row><Row IX='2' Del='1'/><Row IX='3' Del='1'/><Row IX='4' Del='1'/><Row IX='5' Del='1'/><Row IX='6' Del='1'/><Row IX='7' Del='1'/><Row IX='8' Del='1'/><Row IX='9' Del='1'/></Section><Section N='Paragraph'><Row IX='0'><Cell N='IndFirst' V='0' U='MM'/><Cell N='IndLeft' V='0' U='MM'/><Cell N='IndRight' V='0' U='MM'/><Cell N='HorzAlign' V='0'/><Cell N='TextPosAfterBullet' V='0' U='MM'/></Row></Section><Section N='Geometry' IX='0'><Cell N='NoFill' V='0'/><Cell N='NoLine' V='1'/><Cell N='NoShow' V='1' F='OR(User.Hidden,User.CStyle&lt;&gt;4)'/><Cell N='NoSnap' V='0'/><Cell N='NoQuickDrag' V='0'/><Row T='MoveTo' IX='1'><Cell N='X' V='0' U='MM' F='IF(OR(BITAND(User.SquareCorners,1),User.InsideRadius&lt;0),User.Inset+User.HLeft,User.Rounding-User.InsetXInt+User.HLeft)'/><Cell N='Y' V='0' U='MM' F='User.Inset*2'/></Row><Row T='LineTo' IX='2'><Cell N='X' V='0' U='MM' F='Geometry1.X1'/><Cell N='Y' V='0' U='MM' F='Geometry1.Y1'/></Row><Row T='LineTo' IX='3'><Cell N='X' V='1.968503937007874' U='MM' F='IF(OR(BITAND(User.SquareCorners,2),User.InsideRadius&lt;0),User.HRight-User.Inset,User.HRight-(User.Rounding-User.InsetXInt))'/><Cell N='Y' V='0' U='MM' F='Geometry1.Y1'/></Row><Row T='LineTo' IX='4'><Cell N='X' V='1.968503937007874' U='MM' F='Geometry1.X3'/><Cell N='Y' V='0' U='MM' F='Geometry1.Y1'/></Row><Row T='EllipticalArcTo' IX='5'><Cell N='X' V='1.968503937007874' U='MM' F='User.HRight-User.Inset'/><Cell N='Y' V='0' F='User.Rounding'/><Cell N='A' V='1.968503937007874' U='MM' F='IF(BITAND(User.SquareCorners,2),Geometry1.X5,User.HRight-User.Rounding+User.InsideRadius*0.9962)'/><Cell N='B' V='0' U='MM' F='User.Rounding-User.InsideRadius*0.0872'/><Cell N='C' V='0' U='DA'/><Cell N='D' V='1'/></Row><Row T='LineTo' IX='6'><Cell N='X' V='1.968503937007874' U='MM' F='Geometry1.X5'/><Cell N='Y' V='0.1476377952755905' F='Height*0.5'/></Row><Row T='LineTo' IX='7'><Cell N='X' V='1.968503937007874' U='MM' F='Geometry1.X5'/><Cell N='Y' V='0.1476377952755905' F='Height*0.5'/></Row><Row T='LineTo' IX='8'><Cell N='X' V='0' U='MM' F='User.Inset+User.HLeft'/><Cell N='Y' V='0.1476377952755905' F='Height*0.5'/></Row><Row T='LineTo' IX='9'><Cell N='X' V='0' U='MM' F='Geometry1.X8'/><Cell N='Y' V='0.1476377952755905' F='Height*0.5'/></Row><Row T='LineTo' IX='10'><Cell N='X' V='0' U='MM' F='Geometry1.X8'/><Cell N='Y' V='0' F='User.Rounding'/></Row><Row T='EllipticalArcTo' IX='11'><Cell N='X' V='0' U='MM' F='Geometry1.X1'/><Cell N='Y' V='0' U='MM' F='Geometry1.Y1'/><Cell N='A' V='0' U='MM' F='IF(BITAND(User.SquareCorners,1),Geometry1.X11,User.HLeft+User.Rounding-User.InsideRadius*0.9962)'/><Cell N='B' V='0' U='MM' F='User.Rounding-User.InsideRadius*0.0872'/><Cell N='C' V='0' U='DA'/><Cell N='D' V='1'/></Row></Section><Section N='Geometry' IX='1'><Cell N='NoFill' V='0'/><Cell N='NoLine' V='0' F='OR(User.CStyle=5,User.CStyle=9)'/><Cell N='NoShow' V='1' F='OR(User.Hidden,User.CStyle=1,User.CStyle=4,User.CStyle=6,User.CStyle=7,User.CStyle=8,User.CStyle=10,User.CStyle=12)'/><Cell N='NoSnap' V='0'/><Cell N='NoQuickDrag' V='0'/><Row T='MoveTo' IX='1'><Cell N='X' V='0' U='MM' F='User.HLeft+User.Inset+User.InsetX9'/><Cell N='Y' V='0' U='MM' F='User.Inset+User.InsetY9'/></Row><Row T='LineTo' IX='2'><Cell N='X' V='0' U='MM' F='IF(AND(BITAND(User.SquareCorners,1),User.CStyle&lt;&gt;11),User.HLeft+User.Inset+User.InsetX9,(User.HLeft+User.HRight)*0.5)'/><Cell N='Y' V='0' U='MM' F='Geometry2.Y1'/></Row><Row T='LineTo' IX='3'><Cell N='X' V='1.968503937007874' U='MM' F='IF(AND(BITAND(User.SquareCorners,2),User.CStyle&lt;&gt;11),User.HRight-User.Inset-User.InsetX9,(User.HLeft+User.HRight)*0.5)'/><Cell N='Y' V='0' U='MM' F='Geometry2.Y1'/></Row><Row T='LineTo' IX='4'><Cell N='X' V='1.968503937007874' U='MM' F='User.HRight-User.Inset-User.InsetX9'/><Cell N='Y' V='0' U='MM' F='Geometry2.Y1'/></Row><Row T='LineTo' IX='5'><Cell N='X' V='1.968503937007874' U='MM' F='Geometry2.X4'/><Cell N='Y' V='0.2952755905511811' U='MM' F='Height-User.Inset-User.InsetY9'/></Row><Row T='LineTo' IX='6'><Cell N='X' V='0.984251968503937' U='MM' F='IF(AND(BITAND(User.SquareCorners,4),User.CStyle&lt;&gt;11),User.HRight-User.Inset-User.InsetX9,(User.HLeft+User.HRight)*0.5)'/><Cell N='Y' V='0.2952755905511811' U='MM' F='Geometry2.Y5'/></Row><Row T='LineTo' IX='7'><Cell N='X' V='0.984251968503937' U='MM' F='IF(AND(BITAND(User.SquareCorners,8),User.CStyle&lt;&gt;11),User.HLeft+User.Inset+User.InsetX9,(User.HLeft+User.HRight)*0.5)'/><Cell N='Y' V='0.2952755905511811' U='MM' F='Geometry2.Y5'/></Row><Row T='LineTo' IX='8'><Cell N='X' V='0' U='MM' F='Geometry2.X1'/><Cell N='Y' V='0.2952755905511811' U='MM' F='Geometry2.Y5'/></Row><Row T='LineTo' IX='9'><Cell N='X' V='0' U='MM' F='Geometry2.X1'/><Cell N='Y' V='0' U='MM' F='Geometry2.Y1'/></Row></Section><Section N='Geometry' IX='2'><Cell N='NoFill' V='0'/><Cell N='NoLine' V='1'/><Cell N='NoShow' V='1' F='OR(User.Hidden,User.CStyle&lt;&gt;7)'/><Cell N='NoSnap' V='0'/><Cell N='NoQuickDrag' V='0'/><Row T='MoveTo' IX='1'><Cell N='X' V='0' F='IF(BITAND(User.SquareCorners7,1),User.HLeft,User.HLeft+User.Rounding)'/><Cell N='Y' V='-0.1181102362204724' U='MM' F='IF(OR(User.HSide=0,User.HSide=1),Height*0-User.HTxtMargin*2,Height*0)'/></Row><Row T='EllipticalArcTo' IX='2'><Cell N='X' V='1.968503937007874' U='MM' F='IF(BITAND(User.SquareCorners7,2),User.HRight,User.HRight-User.Rounding)'/><Cell N='Y' V='-0.1181102362204724' U='MM' F='Geometry3.Y1'/><Cell N='A' V='0.984251968503937' U='MM' F='(User.HLeft+User.HRight)*0.5'/><Cell N='B' V='0' U='DL' F='IF(BITAND(User.SquareCorners7,2),Height*0,Geometry3.Y2)'/><Cell N='C' V='0' U='DA'/><Cell N='D' V='1'/></Row><Row T='EllipticalArcTo' IX='3'><Cell N='X' V='1.968503937007874' U='MM' F='User.HRight'/><Cell N='Y' V='-0.1181102362204724' U='MM' F='Geometry3.Y1+IF(BITAND(User.SquareCorners7,2),0,User.Rounding)'/><Cell N='A' V='1.968503937007874' U='MM' F='IF(BITAND(User.SquareCorners7,2),User.HRight,User.HRight-User.Rounding*(1-0.7071))'/><Cell N='B' V='-0.1181102362204724' U='MM' F='IF(BITAND(User.SquareCorners7,2),Geometry3.Y3,Geometry3.Y1+User.Rounding*(1-0.7071))'/><Cell N='C' V='0' U='DA'/><Cell N='D' V='1'/></Row><Row T='LineTo' IX='4'><Cell N='X' V='1.968503937007874' U='MM' F='Geometry3.X3'/><Cell N='Y' V='0.2952755905511811' F='Geometry3.Y5-IF(BITAND(User.SquareCorners7,4),0,User.Rounding)'/></Row><Row T='EllipticalArcTo' IX='5'><Cell N='X' V='1.968503937007874' U='MM' F='IF(BITAND(User.SquareCorners7,4),User.HRight,User.HRight-User.Rounding)'/><Cell N='Y' V='0.2952755905511811' F='IF(OR(User.HSide=2,User.HSide=3),Height+User.HTxtMargin*2,Height*1)'/><Cell N='A' V='1.968503937007874' U='MM' F='IF(BITAND(User.SquareCorners7,4),User.HRight,User.HRight-User.Rounding*(1-0.7071))'/><Cell N='B' V='0.2952755905511811' U='DL' F='IF(BITAND(User.SquareCorners7,4),Geometry3.Y5,Geometry3.Y5-User.Rounding*(1-0.7071))'/><Cell N='C' V='0' U='DA'/><Cell N='D' V='1'/></Row><Row T='EllipticalArcTo' IX='6'><Cell N='X' V='0' F='IF(BITAND(User.SquareCorners7,8),User.HLeft,User.HLeft+User.Rounding)'/><Cell N='Y' V='0.2952755905511811' F='Geometry3.Y5'/><Cell N='A' V='0.984251968503937' U='MM' F='Geometry3.A2'/><Cell N='B' V='0.2952755905511811' U='DL' F='IF(BITAND(User.SquareCorners7,8),Height*1,Geometry3.Y6)'/><Cell N='C' V='0' U='DA'/><Cell N='D' V='1'/></Row><Row T='EllipticalArcTo' IX='7'><Cell N='X' V='0' F='User.HLeft'/><Cell N='Y' V='0.2952755905511811' F='Geometry3.Y5-IF(BITAND(User.SquareCorners7,8),0,User.Rounding)'/><Cell N='A' V='0' U='DL' F='IF(BITAND(User.SquareCorners7,8),User.HLeft,User.HLeft+User.Rounding*(1-0.7071))'/><Cell N='B' V='0.2952755905511811' U='DL' F='IF(BITAND(User.SquareCorners7,8),Geometry3.Y5,Geometry3.Y5-User.Rounding*(1-0.7071))'/><Cell N='C' V='0' U='DA'/><Cell N='D' V='1'/></Row><Row T='LineTo' IX='8'><Cell N='X' V='0' F='Geometry3.X7'/><Cell N='Y' V='-0.1181102362204724' U='MM' F='Geometry3.Y1+IF(BITAND(User.SquareCorners7,1),0,User.Rounding)'/></Row><Row T='EllipticalArcTo' IX='9'><Cell N='X' V='0' F='Geometry3.X1'/><Cell N='Y' V='-0.1181102362204724' U='MM' F='Geometry3.Y1'/><Cell N='A' V='0' U='DL' F='IF(BITAND(User.SquareCorners7,1),User.HLeft,User.HLeft+User.Rounding*(1-0.7071))'/><Cell N='B' V='-0.1181102362204724' U='MM' F='IF(BITAND(User.SquareCorners7,1),Geometry3.Y1,Geometry3.Y1+User.Rounding*(1-0.7071))'/><Cell N='C' V='0' U='DA'/><Cell N='D' V='1'/></Row></Section><Section N='Geometry' IX='3'><Cell N='NoFill' V='0'/><Cell N='NoLine' V='0'/><Cell N='NoShow' V='1' F='OR(User.Hidden,User.CStyle&lt;&gt;8)'/><Cell N='NoSnap' V='0'/><Cell N='NoQuickDrag' V='0'/><Row T='MoveTo' IX='1'><Cell N='X' V='0' F='IF(BITAND(User.SquareCorners,1),User.HLeft,User.HLeft+User.Rounding8)'/><Cell N='Y' V='0' F='Height*0'/></Row><Row T='LineTo' IX='2'><Cell N='X' V='1.968503937007874' U='MM' F='IF(BITAND(User.SquareCorners,2),User.HRight,User.HRight-User.Rounding8)'/><Cell N='Y' V='0' F='Height*0'/></Row><Row T='EllipticalArcTo' IX='3'><Cell N='X' V='1.968503937007874' U='MM' F='User.HRight'/><Cell N='Y' V='0' F='IF(BITAND(User.SquareCorners,2),Height*0,User.Rounding8)'/><Cell N='A' V='1.968503937007874' U='MM' F='IF(BITAND(User.SquareCorners,2),User.HRight,User.HRight-User.Rounding8*(1-0.7071))'/><Cell N='B' V='0.03459448818897638' U='MM' F='User.Rounding8*(1-0.7071)'/><Cell N='C' V='0' U='DA'/><Cell N='D' V='1'/></Row><Row T='LineTo' IX='4'><Cell N='X' V='1.968503937007874' U='MM' F='User.HRight'/><Cell N='Y' V='0.1771653543307086' U='MM' F='IF(BITAND(User.SquareCorners,4),Height,Height-User.Rounding8)'/></Row><Row T='EllipticalArcTo' IX='5'><Cell N='X' V='1.850393700787402' U='MM' F='IF(BITAND(User.SquareCorners,4),User.HRight,User.HRight-User.Rounding8)'/><Cell N='Y' V='0.2952755905511811' F='Height*1'/><Cell N='A' V='1.933909448818898' U='MM' F='IF(BITAND(User.SquareCorners,4),User.HRight,User.HRight-User.Rounding8*(1-0.7071))'/><Cell N='B' V='0.2606811023622047' U='MM' F='Height-Geometry4.B3'/><Cell N='C' V='0' U='DA'/><Cell N='D' V='1'/></Row><Row T='LineTo' IX='6'><Cell N='X' V='0.1181102362204724' U='MM' F='IF(BITAND(User.SquareCorners,8),User.HLeft,User.HLeft+User.Rounding8)'/><Cell N='Y' V='0.2952755905511811' F='Height*1'/></Row><Row T='EllipticalArcTo' IX='7'><Cell N='X' V='0' F='User.HLeft'/><Cell N='Y' V='0.1771653543307086' U='MM' F='IF(BITAND(User.SquareCorners,8),Height,Height-User.Rounding8)'/><Cell N='A' V='0.03459448818897638' U='MM' F='IF(BITAND(User.SquareCorners,8),User.HLeft,User.HLeft+User.Rounding8*(1-0.7071))'/><Cell N='B' V='0.2606811023622047' U='MM' F='Geometry4.B5'/><Cell N='C' V='0' U='DA'/><Cell N='D' V='1'/></Row><Row T='LineTo' IX='8'><Cell N='X' V='0' F='User.HLeft'/><Cell N='Y' V='0' F='IF(BITAND(User.SquareCorners,1),Height*0,User.Rounding8)'/></Row><Row T='EllipticalArcTo' IX='9'><Cell N='X' V='0' F='Geometry4.X1'/><Cell N='Y' V='0' F='Geometry4.Y1'/><Cell N='A' V='0' U='DL' F='IF(BITAND(User.SquareCorners,1),User.HLeft,User.HLeft+User.Rounding8*(1-0.7071))'/><Cell N='B' V='0.03459448818897638' U='MM' F='Geometry4.B3'/><Cell N='C' V='0' U='DA'/><Cell N='D' V='1'/></Row></Section><Section N='Geometry' IX='4'><Cell N='NoFill' V='1'/><Cell N='NoLine' V='0'/><Cell N='NoShow' V='1' F='OR(User.Hidden,User.CStyle&lt;&gt;12)'/><Cell N='NoSnap' V='0'/><Cell N='NoQuickDrag' V='0'/><Row T='MoveTo' IX='1'><Cell N='X' V='-0.05905511811023622' U='MM' F='IF(User.HAlign=0,IF(User.HorzAlign&lt;&gt;2,-User.HTxtMargin,IF(User.HSpan=0,0,Width-User.HTxtWidth)),IF(User.HorzAlign&lt;&gt;2,IF(User.HAlign=1,-Height*0.5,-Height),IF(User.HSpan=0,0,Width-User.HTxtWidth)))'/><Cell N='Y' V='0.2952755905511811' F='IF(OR(AND(User.HAlign=0,User.HSide&lt;&gt;2,User.HSide&lt;&gt;3),AND(User.HAlign&lt;&gt;0,User.HSide&lt;&gt;0,User.HSide&lt;&gt;1)),Height,0)'/></Row><Row T='LineTo' IX='2'><Cell N='X' V='1.968503937007874' U='MM' F='IF(User.HAlign=0,IF(User.HorzAlign&lt;&gt;0,Width+User.HTxtMargin,IF(User.HSpan=0,Width,User.HTxtWidth)),IF(User.HorzAlign&lt;&gt;0,IF(User.HAlign=1,Width+Height*0.5,Width+Height),IF(User.HSpan=0,Width,User.HTxtWidth)))'/><Cell N='Y' V='0.2952755905511811' F='Geometry5.Y1'/></Row><Row T='LineTo' IX='3'><Cell N='X' V='1.968503937007874' U='MM' F='Geometry5.X2'/><Cell N='Y' V='0.2952755905511811' F='Geometry5.Y2'/></Row><Row T='MoveTo' IX='4'><Cell N='X' V='0' U='MM' F='Width*0'/><Cell N='Y' V='0.3543307086614173' U='MM' F='IF(User.HAlign=0,IF(OR(User.HSide=0,User.HSide=1),Height+User.HTxtMargin,-User.HTxtMargin),IF(User.HAlign=1,Height*0.5,IF(OR(User.HSide=0,User.HSide=1),Height,0)))'/></Row><Row T='LineTo' IX='5'><Cell N='X' V='0' U='MM' F='Geometry5.X4'/><Cell N='Y' V='0.3543307086614173' U='MM' F='Geometry5.Y4'/></Row><Row T='LineTo' IX='6'><Cell N='X' V='0' U='MM' F='Width*0'/><Cell N='Y' V='-2.598425196850394' U='MM' F='IF(User.HorzAlign=2,Geometry5.Y4,IF(User.HAlign=0,IF(User.HSpan=0,IF(OR(User.HSide=0,User.HSide=1),Height+User.HTxtMargin-IF(User.HSide=1,Sheet.5!Width,Sheet.5!Height),-User.HTxtMargin+IF(User.HSide=3,Sheet.5!Width,Sheet.5!Height)),IF(OR(User.HSide=0,User.HSide=1),0,Height)),IF(User.HSpan=0,IF(OR(User.HSide=0,User.HSide=1),IF(User.HSide=1,-Sheet.5!Width+Rounding,-Sheet.5!Height+Rounding),IF(User.HSide=3,Height+Sheet.5!Width-Rounding,Height+Sheet.5!Height-Rounding)),IF(User.HAlign=1,IF(OR(User.HSide=0,User.HSide=1),-Height*0.5,Height*1.5),IF(OR(User.HSide=0,User.HSide=1),-Height,Height*2)))))'/></Row><Row T='LineTo' IX='7'><Cell N='X' V='0' U='MM' F='Geometry5.X6'/><Cell N='Y' V='-2.598425196850394' U='MM' F='Geometry5.Y6'/></Row><Row T='MoveTo' IX='8'><Cell N='X' V='1.968503937007874' U='MM' F='Width*1'/><Cell N='Y' V='0.3543307086614173' U='MM' F='Geometry5.Y4'/></Row><Row T='LineTo' IX='9'><Cell N='X' V='1.968503937007874' U='MM' F='Geometry5.X8'/><Cell N='Y' V='0.3543307086614173' U='MM' F='Geometry5.Y8'/></Row><Row T='LineTo' IX='10'><Cell N='X' V='1.968503937007874' U='MM' F='Width*1'/><Cell N='Y' V='0.3543307086614173' U='MM' F='IF(User.HorzAlign=0,Geometry5.Y4,IF(User.HAlign=0,IF(User.HSpan=0,IF(OR(User.HSide=0,User.HSide=1),Height+User.HTxtMargin-IF(User.HSide=1,Sheet.5!Width,Sheet.5!Height),-User.HTxtMargin+IF(User.HSide=3,Sheet.5!Width,Sheet.5!Height)),IF(OR(User.HSide=0,User.HSide=1),0,Height)),IF(User.HSpan=0,IF(OR(User.HSide=0,User.HSide=1),IF(User.HSide=1,-Sheet.5!Width+Rounding,-Sheet.5!Height+Rounding),IF(User.HSide=3,Height+Sheet.5!Width-Rounding,Height+Sheet.5!Height-Rounding)),IF(User.HAlign=1,IF(OR(User.HSide=0,User.HSide=1),-Height*0.5,Height*1.5),IF(OR(User.HSide=0,User.HSide=1),-Height,Height*2)))))'/></Row></Section><Text><cp IX='0'/><pp IX='0'/>Name
</Text><Shapes><Shape ID='9' Type='Shape' LineStyle='3' FillStyle='3' TextStyle='3'><Cell N='PinX' V='0.984251968503937' U='MM' F='GUARD(Sheet.8!Width*0.5)'/><Cell N='PinY' V='0.1476377952755905' F='GUARD(IF(User.CStyle=7,IF(OR(User.HSide=0,User.HSide=1),Sheet.8!Height-User.AnchorPt7,User.AnchorPt7),Sheet.8!Height*0.5))'/><Cell N='Width' V='1.968503937007874' U='MM' F='GUARD(Sheet.8!Width*1)'/><Cell N='Height' V='0.2952755905511811' F='GUARD(IF(User.CStyle=7,User.BowHeight7*0.5,Sheet.8!Height*1))'/><Cell N='LocPinX' V='0.984251968503937' U='MM' F='Width*0.5'/><Cell N='LocPinY' V='0.1476377952755905' F='Height*0.5'/><Cell N='Angle' V='0'/><Cell N='FlipX' V='0' F='GUARD(FALSE)'/><Cell N='FlipY' V='0' F='GUARD(FALSE)'/><Cell N='ResizeMode' V='0'/><Cell N='LockFormat' V='1'/><Cell N='LockCalcWH' V='1'/><Cell N='FillForegnd' V='#fefefe' F='THEMEGUARD(Sheet.5!User.HColor2)'/><Cell N='FillBkgnd' V='#ffffff' F='THEMEGUARD(Sheet.5!User.HColor1)'/><Cell N='FillPattern' V='29'/><Cell N='FillForegndTrans' V='0' F='IF(User.CStyle=7,50%,0%)'/><Cell N='FillBkgndTrans' V='0' F='IF(User.CStyle=7,50%,0%)'/><Cell N='GlueType' V='8'/><Cell N='ObjType' V='4'/><Cell N='LineColor' V='0' F='THEMEGUARD(Sheet.8!LineColor)'/><Cell N='LayerMember' V='0'/><Cell N='FillGradientAngle' V='1.5707963267949' U='DEG'/><Cell N='FillGradientEnabled' V='1'/><Cell N='QuickStyleLineColor' V='102'/><Cell N='QuickStyleFillColor' V='102'/><Cell N='QuickStyleShadowColor' V='102'/><Cell N='QuickStyleFontColor' V='102'/><Cell N='QuickStyleLineMatrix' V='102'/><Cell N='QuickStyleFillMatrix' V='102'/><Cell N='QuickStyleEffectsMatrix' V='102'/><Cell N='QuickStyleFontMatrix' V='102'/><Cell N='DefaultTabStop' V='0.5905511811023622' U='MM'/><Cell N='Copyright' V='Copyright (c) 2012 Microsoft Corporation.  All rights reserved.'/><Section N='User'><Row N='msvStructureType'><Cell N='Value' V='0'/><Cell N='Prompt' V=''/></Row><Row N='msvThemeColors'><Cell N='Value' V='0'/><Cell N='Prompt' V=''/></Row><Row N='msvThemeEffects'><Cell N='Value' V='0'/><Cell N='Prompt' V=''/></Row><Row N='CStyle'><Cell N='Value' V='1' F='Sheet.5!User.msvSDContainerStyle'/><Cell N='Prompt' V=''/></Row><Row N='Rounding'><Cell N='Value' V='0' U='DL' F='Sheet.8!User.Rounding'/><Cell N='Prompt' V=''/></Row><Row N='SquareCorners'><Cell N='Value' V='3' F='Sheet.8!User.SquareCorners'/><Cell N='Prompt' V=''/></Row><Row N='HLeft'><Cell N='Value' V='0' F='Sheet.8!User.HLeft'/><Cell N='Prompt' V=''/></Row><Row N='HRight'><Cell N='Value' V='1.968503937007874' U='MM' F='Sheet.8!User.HRight'/><Cell N='Prompt' V=''/></Row><Row N='Hidden'><Cell N='Value' V='0' U='BOOL' F='Sheet.8!User.Hidden'/><Cell N='Prompt' V=''/></Row><Row N='BowHeight7'><Cell N='Value' V='0.1181102362204724' U='MM' F='Sheet.8!User.HTxtMargin*2'/><Cell N='Prompt' V=''/></Row><Row N='Offset7'><Cell N='Value' V='0.005208333333333335' U='DT' F='Sheet.8!LineWeight*0.5'/><Cell N='Prompt' V=''/></Row><Row N='AnchorPt7'><Cell N='Value' V='0.5558152887139107' U='MM' F='Sheet.8!Height+User.BowHeight7-User.Offset7+Height*0.5'/><Cell N='Prompt' V=''/></Row><Row N='HSide'><Cell N='Value' V='0' F='Sheet.8!User.HSide'/><Cell N='Prompt' V=''/></Row><Row N='HAlign'><Cell N='Value' V='0' F='Sheet.8!User.HAlign'/><Cell N='Prompt' V=''/></Row></Section><Section N='FillGradient'><Row IX='0'><Cell N='GradientStopColor' V='#ffffff' F='THEMEGUARD(Sheet.5!User.HColor1)'/><Cell N='GradientStopColorTrans' V='0' F='IF(User.CStyle=7,50%,0%)'/><Cell N='GradientStopPosition' V='0.01'/></Row><Row IX='1'><Cell N='GradientStopColor' V='#fefefe' F='THEMEGUARD(Sheet.5!User.HColor2)'/><Cell N='GradientStopColorTrans' V='0' F='IF(User.CStyle=7,50%,0%)'/><Cell N='GradientStopPosition' V='0.5'/></Row><Row IX='2'><Cell N='GradientStopColor' V='#ffffff' F='THEMEGUARD(Sheet.5!User.HColor1)'/><Cell N='GradientStopColorTrans' V='0' F='IF(User.CStyle=7,50%,0%)'/><Cell N='GradientStopPosition' V='1'/></Row><Row IX='3' Del='1'/><Row IX='4' Del='1'/><Row IX='5' Del='1'/><Row IX='6' Del='1'/><Row IX='7' Del='1'/><Row IX='8' Del='1'/><Row IX='9' Del='1'/></Section><Section N='Paragraph'><Row IX='0'><Cell N='IndFirst' V='0' U='MM'/><Cell N='IndLeft' V='0' U='MM'/><Cell N='IndRight' V='0' U='MM'/><Cell N='TextPosAfterBullet' V='0' U='MM'/></Row></Section><Section N='Geometry' IX='0'><Cell N='NoFill' V='0'/><Cell N='NoLine' V='0'/><Cell N='NoShow' V='1' F='OR(User.Hidden,User.CStyle&lt;&gt;4)'/><Cell N='NoSnap' V='0'/><Cell N='NoQuickDrag' V='0'/><Row T='MoveTo' IX='1'><Cell N='X' V='0' F='IF(BITAND(User.SquareCorners,1),User.HLeft,User.HLeft+User.Rounding)'/><Cell N='Y' V='0' F='Height*0'/></Row><Row T='LineTo' IX='2'><Cell N='X' V='1.968503937007874' U='MM' F='IF(BITAND(User.SquareCorners,2),User.HRight,User.HRight-User.Rounding)'/><Cell N='Y' V='0' F='Height*0'/></Row><Row T='EllipticalArcTo' IX='3'><Cell N='X' V='1.968503937007874' U='MM' F='User.HRight'/><Cell N='Y' V='0' F='User.Rounding'/><Cell N='A' V='1.968503937007874' U='MM' F='IF(BITAND(User.SquareCorners,2),User.HRight,User.HRight-User.Rounding*(1-0.7071))'/><Cell N='B' V='0' U='DL' F='User.Rounding*(1-0.7071)'/><Cell N='C' V='0' U='DA'/><Cell N='D' V='1'/></Row><Row T='LineTo' IX='4'><Cell N='X' V='1.968503937007874' U='MM' F='Geometry1.X3'/><Cell N='Y' V='0.2952755905511811' F='Height-User.Rounding'/></Row><Row T='EllipticalArcTo' IX='5'><Cell N='X' V='1.968503937007874' U='MM' F='IF(BITAND(User.SquareCorners,4),User.HRight,User.HRight-User.Rounding)'/><Cell N='Y' V='0.2952755905511811' F='Height*1'/><Cell N='A' V='1.968503937007874' U='MM' F='IF(BITAND(User.SquareCorners,4),User.HRight,User.HRight-User.Rounding*(1-0.7071))'/><Cell N='B' V='0.2952755905511811' U='DL' F='Height-Geometry1.B3'/><Cell N='C' V='0' U='DA'/><Cell N='D' V='1'/></Row><Row T='LineTo' IX='6'><Cell N='X' V='0' F='IF(BITAND(User.SquareCorners,8),User.HLeft,User.HLeft+User.Rounding)'/><Cell N='Y' V='0.2952755905511811' F='Height*1'/></Row><Row T='EllipticalArcTo' IX='7'><Cell N='X' V='0' F='User.HLeft'/><Cell N='Y' V='0.2952755905511811' F='Geometry1.Y4'/><Cell N='A' V='0' U='DL' F='IF(BITAND(User.SquareCorners,8),User.HLeft,User.HLeft+User.Rounding*(1-0.7071))'/><Cell N='B' V='0.2952755905511811' U='DL' F='Geometry1.B5'/><Cell N='C' V='0' U='DA'/><Cell N='D' V='1'/></Row><Row T='LineTo' IX='8'><Cell N='X' V='0' F='Geometry1.X7'/><Cell N='Y' V='0' F='Geometry1.Y3'/></Row><Row T='EllipticalArcTo' IX='9'><Cell N='X' V='0' F='Geometry1.X1'/><Cell N='Y' V='0' F='Geometry1.Y1'/><Cell N='A' V='0' U='DL' F='IF(BITAND(User.SquareCorners,1),User.HLeft,User.HLeft+User.Rounding*(1-0.7071))'/><Cell N='B' V='0' U='DL' F='Geometry1.B3'/><Cell N='C' V='0' U='DA'/><Cell N='D' V='1'/></Row></Section><Section N='Geometry' IX='1'><Cell N='NoFill' V='0'/><Cell N='NoLine' V='1'/><Cell N='NoShow' V='1' F='OR(User.Hidden,User.CStyle&lt;&gt;7)'/><Cell N='NoSnap' V='0'/><Cell N='NoQuickDrag' V='0'/><Row T='MoveTo' IX='1'><Cell N='X' V='0.005208333333333335' F='User.HLeft+User.Offset7'/><Cell N='Y' V='0' F='Height*0'/></Row><Row T='EllipticalArcTo' IX='2'><Cell N='X' V='1.963295603674541' U='MM' F='User.HRight-User.Offset7'/><Cell N='Y' V='0' F='Height*0'/><Cell N='A' V='0.984251968503937' U='MM' F='(User.HLeft+User.HRight)*0.5'/><Cell N='B' V='0.1181102362204724' U='MM' F='IF(OR(User.HSide=0,User.HSide=1),User.BowHeight7,-User.BowHeight7)'/><Cell N='C' V='0' U='DA'/><Cell N='D' V='1'/></Row><Row T='LineTo' IX='3'><Cell N='X' V='1.963295603674541' U='MM' F='Geometry2.X2'/><Cell N='Y' V='0.2952755905511811' F='Height*1'/></Row><Row T='EllipticalArcTo' IX='4'><Cell N='X' V='0.005208333333333335' F='Geometry2.X1'/><Cell N='Y' V='0.2952755905511811' F='Height*1'/><Cell N='A' V='0.984251968503937' U='MM' F='Geometry2.A2'/><Cell N='B' V='0.4133858267716535' U='MM' F='IF(OR(User.HSide=0,User.HSide=1),Height+User.BowHeight7,Height-User.BowHeight7)'/><Cell N='C' V='0' U='DA'/><Cell N='D' V='1'/></Row><Row T='LineTo' IX='5'><Cell N='X' V='0.005208333333333335' F='Geometry2.X1'/><Cell N='Y' V='0' F='Geometry2.Y1'/></Row></Section><Text><pp IX='0'/></Text></Shape></Shapes></Shape></Shapes></Shape></Shapes></MasterContents>