<?xml version='1.0' encoding='utf-8' ?>
<MasterContents xmlns='http://schemas.microsoft.com/office/visio/2012/main' xmlns:r='http://schemas.openxmlformats.org/officeDocument/2006/relationships' xml:space='preserve'><Shapes><Shape ID='5' Type='Shape' LineStyle='7' FillStyle='7' TextStyle='7'><Cell N='PinX' V='1.968503937007874' U='MM' F='GUARD((BeginX+EndX)/2)'/><Cell N='PinY' V='1.968503937007874' U='MM' F='GUARD((BeginY+EndY)/2)'/><Cell N='Width' V='1.023622047244094' U='MM' F='GUARD(EndX-BeginX)'/><Cell N='Height' V='0.1968503937007874' F='GUARD(0.19685039370079DL)'/><Cell N='LocPinX' V='0.5118110236220472' U='MM' F='GUARD(Width*0.5)'/><Cell N='LocPinY' V='0.09842519685039369' F='GUARD(Height*0.5)'/><Cell N='Angle' V='0' F='GUARD(0DA)'/><Cell N='FlipX' V='0' F='GUARD(FALSE)'/><Cell N='FlipY' V='0' F='GUARD(FALSE)'/><Cell N='ResizeMode' V='0'/><Cell N='BeginX' V='1.456692913385827' U='MM'/><Cell N='BeginY' V='1.968503937007874' U='MM'/><Cell N='EndX' V='2.480314960629921' U='MM'/><Cell N='EndY' V='1.968503937007874' U='MM'/><Cell N='LayerMember' V='0'/><Cell N='TxtPinX' V='0.5118110179901123' F='SETATREF(Controls.TextPosition)'/><Cell N='TxtPinY' V='0.09842519462108612' F='SETATREF(Controls.TextPosition.Y)'/><Cell N='TxtWidth' V='0.5555555555555556' F='MAX(TEXTWIDTH(TheText),5*Char.Size)'/><Cell N='TxtHeight' V='0.2444444444444444' F='TEXTHEIGHT(TheText,TxtWidth)'/><Cell N='TxtLocPinX' V='0.2777777777777778' F='TxtWidth*0.5'/><Cell N='TxtLocPinY' V='0.1222222222222222' F='TxtHeight*0.5'/><Cell N='TxtAngle' V='0'/><Cell N='LockHeight' V='1'/><Cell N='LockRotate' V='1'/><Cell N='LockCalcWH' V='1'/><Cell N='HelpTopic' V='Vis_PRXY.chm!#60857'/><Cell N='Copyright' V='Copyright (c) 2012 Microsoft Corporation.  All rights reserved.'/><Cell N='NoAlignBox' V='1'/><Cell N='DynFeedback' V='2'/><Cell N='GlueType' V='2'/><Cell N='BegTrigger' V='1' F='_XFTRIGGER(EventXFMod)'/><Cell N='EndTrigger' V='1' F='_XFTRIGGER(EventXFMod)'/><Cell N='ObjType' V='2'/><Cell N='NoLiveDynamics' V='1'/><Cell N='NoProofing' V='1'/><Cell N='ShapeRouteStyle' V='16'/><Cell N='ShapeSplittable' V='1'/><Cell N='LinePattern' V='1' F='GUARD(1)'/><Cell N='BeginArrow' V='0' F='GUARD(0)'/><Cell N='EndArrow' V='0' F='GUARD(0)'/><Cell N='DefaultTabStop' V='0.5905511811023622' U='MM'/><Section N='Control'><Row N='TextPosition'><Cell N='X' V='0.5118110179901123'/><Cell N='Y' V='0.09842519462108612'/><Cell N='XDyn' V='0.5118110179901123' F='Controls.TextPosition'/><Cell N='YDyn' V='0.09842519462108612' F='Controls.TextPosition.Y'/><Cell N='XCon' V='5' F='IF(OR(STRSAME(SHAPETEXT(TheText),""),HideText),5,0)'/><Cell N='YCon' V='0'/><Cell N='CanGlue' V='0'/><Cell N='Prompt' V='Reposition Text'/></Row></Section><Section N='User'><Row N='visVersion'><Cell N='Value' V='15'/><Cell N='Prompt' V=''/></Row></Section><Section N='Paragraph'><Row IX='0'><Cell N='IndFirst' V='0' U='MM'/><Cell N='IndLeft' V='0' U='MM'/><Cell N='IndRight' V='0' U='MM'/><Cell N='TextPosAfterBullet' V='0' U='MM'/></Row></Section><Section N='Geometry' IX='0'><Cell N='NoFill' V='1'/><Cell N='NoLine' V='0'/><Cell N='NoShow' V='0'/><Cell N='NoSnap' V='0'/><Cell N='NoQuickDrag' V='0'/><Row T='MoveTo' IX='1'><Cell N='X' V='0'/><Cell N='Y' V='0.09842519685039375'/></Row><Row T='LineTo' IX='2'><Cell N='X' V='1.023622047244094'/><Cell N='Y' V='0.09842519685039375'/></Row></Section></Shape></Shapes></MasterContents>