<?xml version='1.0' encoding='utf-8' ?>
<PageContents xmlns='http://schemas.microsoft.com/office/visio/2012/main' xmlns:r='http://schemas.openxmlformats.org/officeDocument/2006/relationships' xml:space='preserve'><Shapes><Shape ID='1' NameU='Actor' Name='Actor' Type='Shape' Master='7'><Cell N='PinX' V='1.417322844465128'/><Cell N='PinY' V='11.80314963575759'/><Cell N='TxtWidth' V='0.8083504431657986' F='Inh'/><Cell N='TxtHeight' V='0.3111626369900173' F='Inh'/><Cell N='TxtLocPinX' V='0.4041752215828993' F='Inh'/><Cell N='TxtLocPinY' V='0.3111626369900173' F='Inh'/><Text>Customer
</Text></Shape><Shape ID='2' NameU='Use Case' Name='Use Case' Type='Shape' Master='8'><Cell N='PinX' V='3.74015748031496'/><Cell N='PinY' V='14.12795275590698'/><Text>Login
</Text></Shape><Shape ID='6' Type='Shape' Master='7'><Cell N='PinX' V='10.66929142532123'/><Cell N='PinY' V='11.90157483751771'/><Cell N='TxtWidth' V='0.8183602087907986' F='Inh'/><Cell N='TxtHeight' V='0.3111626369900173' F='Inh'/><Cell N='TxtLocPinX' V='0.4091801043953993' F='Inh'/><Cell N='TxtLocPinY' V='0.3111626369900173' F='Inh'/><Text>Employee
</Text></Shape><Shape ID='7' Type='Shape' Master='8'><Cell N='PinX' V='5.617266631830614'/><Cell N='PinY' V='8.988188976378133'/><Text>Register for Event
</Text></Shape><Shape ID='12' Type='Shape' Master='8'><Cell N='PinX' V='3.740157511409914'/><Cell N='PinY' V='11.1909448818905'/><Cell N='Width' V='1.76441276006033' F='Inh'/><Cell N='LocPinX' V='0.8822063800301651' F='Inh'/><Section N='Character'><Row IX='0'><Cell N='LangID' V='en-CA'/></Row><Row IX='1'><Cell N='Font' V='Themed' F='THEMEVAL()'/><Cell N='Color' V='Themed' F='THEMEVAL()'/><Cell N='Style' V='Themed' F='THEMEVAL()'/><Cell N='Case' V='0'/><Cell N='Pos' V='0'/><Cell N='FontScale' V='1'/><Cell N='Size' V='0.1666666666666667'/><Cell N='DblUnderline' V='0'/><Cell N='Overline' V='0'/><Cell N='Strikethru' V='0'/><Cell N='DoubleStrikethrough' V='0'/><Cell N='Letterspace' V='0'/><Cell N='ColorTrans' V='0'/><Cell N='AsianFont' V='Themed' F='THEMEVAL()'/><Cell N='ComplexScriptFont' V='Themed' F='THEMEVAL()'/><Cell N='ComplexScriptSize' V='-1'/><Cell N='LangID' V='en-US'/></Row></Section><Section N='Geometry' IX='0'><Row T='Ellipse' IX='1'><Cell N='X' V='0.8822063800301651' F='Inh'/><Cell N='A' V='1.76441276006033' U='DL' F='Inh'/><Cell N='C' V='0.8822063800301651' U='DL' F='Inh'/></Row></Section><Text><cp IX='0'/><pp IX='0'/><tp IX='0'/>Edit Preferences/<cp IX='1'/>Proflie
</Text></Shape><Shape ID='15' Type='Shape' Master='8'><Cell N='PinX' V='3.740157511409914'/><Cell N='PinY' V='10.45669291338638'/><Text>Download
</Text></Shape><Shape ID='16' Type='Shape' Master='8'><Cell N='PinX' V='3.740157511409915'/><Cell N='PinY' V='9.722440944882255'/><Text>Rate Game
</Text></Shape><Shape ID='17' Type='Shape' Master='8'><Cell N='PinX' V='3.740157511409914'/><Cell N='PinY' V='8.988188976378135'/><Section N='Character'><Row IX='0'><Cell N='LangID' V='en-CA'/></Row></Section><Text><cp IX='0'/>Create Game Review
</Text></Shape><Shape ID='18' Type='Shape' Master='8'><Cell N='PinX' V='5.708661464783554'/><Cell N='PinY' V='8.18194604228718'/><Text>View Wish List
</Text></Shape><Shape ID='19' Type='Shape' Master='8'><Cell N='PinX' V='5.708661464783554'/><Cell N='PinY' V='7.447694073783059'/><Text>Add to Wish List
</Text></Shape><Shape ID='20' Type='Shape' Master='8'><Cell N='PinX' V='5.708661464783554'/><Cell N='PinY' V='5.979190136774814'/><Section N='Character'><Row IX='0'><Cell N='LangID' V='en-CA'/></Row></Section><Text><cp IX='0'/>Add to Cart
</Text></Shape><Shape ID='21' Type='Shape' Master='8'><Cell N='PinX' V='5.708661464783554'/><Cell N='PinY' V='5.244938168270688'/><Section N='Character'><Row IX='0'><Cell N='LangID' V='en-CA'/></Row></Section><Text><cp IX='0'/>Remove from Cart
</Text></Shape><Shape ID='22' Type='Shape' Master='8'><Cell N='PinX' V='3.74015748031496'/><Cell N='PinY' V='13.39370078740286'/><Text>Search Games
</Text></Shape><Shape ID='23' Type='Shape' Master='8'><Cell N='PinX' V='3.740157480314959'/><Cell N='PinY' V='11.92519685039462'/><Text>View Game Details
</Text></Shape><Shape ID='30' Type='Shape' Master='8'><Cell N='PinX' V='3.74015748031496'/><Cell N='PinY' V='14.8622047244111'/><Section N='Character'><Row IX='0'><Cell N='LangID' V='en-CA'/></Row></Section><Text><cp IX='0'/>Create Account
</Text></Shape><Shape ID='32' Type='Shape' Master='8'><Cell N='PinX' V='5.617266631830614'/><Cell N='PinY' V='14.8622047244111'/><Section N='Character'><Row IX='0'><Cell N='LangID' V='en-CA'/></Row></Section><Text><cp IX='0'/>Add Friend/Family
</Text></Shape><Shape ID='33' Type='Shape' Master='8'><Cell N='PinX' V='5.617266631830614'/><Cell N='PinY' V='13.39370078740286'/><Section N='Character'><Row IX='0'><Cell N='LangID' V='en-CA'/></Row></Section><Text><cp IX='0'/>Add Credit Card
</Text></Shape><Shape ID='3' Type='Shape' Master='8'><Cell N='PinX' V='8.858267796727683'/><Cell N='PinY' V='13.79021348305849'/><Cell N='Width' V='1.574803149606299'/><Cell N='Height' V='0.4724409448818898'/><Cell N='ShapeShdwShow' V='2'/><Section N='Character'><Row IX='0'><Cell N='LangID' V='en-CA'/></Row></Section><Text><cp IX='0'/>Delete Game
</Text></Shape><Shape ID='4' Type='Shape' Master='8'><Cell N='PinX' V='8.858267796727683'/><Cell N='PinY' V='13.01462298424784'/><Cell N='Width' V='1.574803149606299'/><Cell N='Height' V='0.4724409448818898'/><Cell N='ShapeShdwShow' V='2'/><Section N='Character'><Row IX='0'><Cell N='LangID' V='en-CA'/></Row></Section><Text><cp IX='0'/>Create Event
</Text></Shape><Shape ID='8' Type='Shape' Master='8'><Cell N='PinX' V='8.871932070673609'/><Cell N='PinY' V='10.68785148781591'/><Cell N='Width' V='1.574803149606299'/><Cell N='Height' V='0.4724409448818898'/><Cell N='ShapeShdwShow' V='2'/><Text>View Reports
</Text></Shape><Shape ID='9' Type='Shape' Master='8'><Cell N='PinX' V='8.885596357712148'/><Cell N='PinY' V='9.912260989005263'/><Cell N='Width' V='1.574803149606299'/><Cell N='Height' V='0.4724409448818898'/><Cell N='ShapeShdwShow' V='2'/><Text>Print Reports
</Text></Shape><Shape ID='31' Type='Shape' Master='8'><Cell N='PinX' V='8.871932070673609'/><Cell N='PinY' V='9.13667049019462'/><Cell N='Width' V='1.602131723683377'/><Cell N='Height' V='0.4724409448818898'/><Cell N='LocPinX' V='0.8010658618416885' F='Inh'/><Cell N='ShapeShdwShow' V='2'/><Section N='Character'><Row IX='0'><Cell N='LangID' V='en-CA'/></Row></Section><Section N='Geometry' IX='0'><Row T='Ellipse' IX='1'><Cell N='X' V='0.8010658618416885' F='Inh'/><Cell N='A' V='1.602131723683377' U='DL' F='Inh'/><Cell N='C' V='0.8010658618416885' U='DL' F='Inh'/></Row></Section><Text><cp IX='0'/>Approve User Review
</Text></Shape><Shape ID='34' Type='Shape' Master='8'><Cell N='PinX' V='8.885596357712146'/><Cell N='PinY' V='8.361079991383976'/><Cell N='Width' V='1.574803149606299'/><Cell N='Height' V='0.4724409448818898'/><Cell N='ShapeShdwShow' V='2'/><Section N='Character'><Row IX='0'><Cell N='LangID' V='en-CA'/></Row></Section><Text><cp IX='0'/>Create Order
</Text></Shape><Shape ID='35' Type='Shape' Master='8'><Cell N='PinX' V='8.858267796727681'/><Cell N='PinY' V='14.56580398186913'/><Cell N='Width' V='1.574803149606299'/><Cell N='Height' V='0.4724409448818898'/><Cell N='ShapeShdwShow' V='2'/><Section N='Character'><Row IX='0'><Cell N='LangID' V='en-CA'/></Row></Section><Text><cp IX='0'/>Edit Game
</Text></Shape><Shape ID='36' Type='Shape' Master='8'><Cell N='PinX' V='8.858267796727681'/><Cell N='PinY' V='15.34139448067978'/><Cell N='Width' V='1.574803149606299'/><Cell N='Height' V='0.4724409448818898'/><Cell N='ShapeShdwShow' V='2'/><Section N='Character'><Row IX='0'><Cell N='LangID' V='en-CA'/></Row></Section><Text><cp IX='0'/>Add Game
</Text></Shape><Shape ID='37' Type='Shape' Master='8'><Cell N='PinX' V='8.858267790181376'/><Cell N='PinY' V='12.23903248543719'/><Cell N='Width' V='1.574803149606299'/><Cell N='Height' V='0.4724409448818898'/><Cell N='ShapeShdwShow' V='2'/><Section N='Character'><Row IX='0'><Cell N='LangID' V='en-CA'/></Row></Section><Text><cp IX='0'/>Edit Event
</Text></Shape><Shape ID='38' Type='Shape' Master='8'><Cell N='PinX' V='8.858267790181376'/><Cell N='PinY' V='11.46344198662655'/><Cell N='Width' V='1.574803149606299'/><Cell N='Height' V='0.4724409448818898'/><Cell N='ShapeShdwShow' V='2'/><Section N='Character'><Row IX='0'><Cell N='LangID' V='en-CA'/></Row></Section><Text><cp IX='0'/>Delete Event
</Text></Shape><Shape ID='39' Type='Shape' Master='8'><Cell N='PinX' V='8.885596357712144'/><Cell N='PinY' V='7.585489492573331'/><Cell N='Width' V='1.574803149606299'/><Cell N='Height' V='0.4724409448818898'/><Cell N='ShapeShdwShow' V='2'/><Section N='Character'><Row IX='0'><Cell N='LangID' V='en-CA'/></Row></Section><Text><cp IX='0'/>Edit Order
</Text></Shape><Shape ID='40' Type='Shape' Master='8'><Cell N='PinX' V='8.885596357712144'/><Cell N='PinY' V='6.809898993762686'/><Cell N='Width' V='1.574803149606299'/><Cell N='Height' V='0.4724409448818898'/><Cell N='ShapeShdwShow' V='2'/><Section N='Character'><Row IX='0'><Cell N='LangID' V='en-CA'/></Row></Section><Text><cp IX='0'/>Delete Order
</Text></Shape><Shape ID='41' Type='Shape' Master='8'><Cell N='PinX' V='8.885596357712144'/><Cell N='PinY' V='6.034308494952041'/><Cell N='Width' V='1.574803149606299'/><Cell N='Height' V='0.4724409448818898'/><Cell N='ShapeShdwShow' V='2'/><Section N='Character'><Row IX='0'><Cell N='LangID' V='en-CA'/></Row></Section><Text><cp IX='0'/>Close Order
</Text></Shape><Shape ID='43' Type='Shape' Master='8'><Cell N='PinX' V='5.617266631830614'/><Cell N='PinY' V='12.65944881889874'/><Section N='Character'><Row IX='0'><Cell N='LangID' V='en-CA'/></Row></Section><Text><cp IX='0'/>Delete Credit Card
</Text></Shape><Shape ID='44' Type='Shape' Master='8'><Cell N='PinX' V='5.617266631830614'/><Cell N='PinY' V='11.92519685039462'/><Section N='Character'><Row IX='0'><Cell N='LangID' V='en-CA'/></Row></Section><Text><cp IX='0'/>Add Address
</Text></Shape><Shape ID='45' Type='Shape' Master='8'><Cell N='PinX' V='5.617266631830614'/><Cell N='PinY' V='11.1909448818905'/><Section N='Character'><Row IX='0'><Cell N='LangID' V='en-CA'/></Row></Section><Text><cp IX='0'/>Delete Address
</Text></Shape><Shape ID='46' Type='Shape' Master='8'><Cell N='PinX' V='3.740157480314959'/><Cell N='PinY' V='12.65944881889874'/><Section N='Character'><Row IX='0'><Cell N='LangID' V='en-CA'/></Row></Section><Text><cp IX='0'/>View Inventory
</Text></Shape><Shape ID='47' Type='Shape' Master='8'><Cell N='PinX' V='5.617266631830614'/><Cell N='PinY' V='10.45669291338638'/><Section N='Character'><Row IX='0'><Cell N='LangID' V='en-CA'/></Row></Section><Text><cp IX='0'/>Change Password
</Text></Shape><Shape ID='48' Type='Shape' Master='8'><Cell N='PinX' V='5.617266631830614'/><Cell N='PinY' V='9.722440944882255'/><Section N='Character'><Row IX='0'><Cell N='LangID' V='en-CA'/></Row></Section><Text><cp IX='0'/>Reset Password
</Text></Shape><Shape ID='49' Type='Shape' Master='8'><Cell N='PinX' V='5.708661464783553'/><Cell N='PinY' V='6.713442105278936'/><Cell N='Width' V='1.669361948292752' F='Inh'/><Cell N='LocPinX' V='0.834680974146376' F='Inh'/><Section N='Character'><Row IX='0'><Cell N='LangID' V='en-CA'/></Row></Section><Section N='Geometry' IX='0'><Row T='Ellipse' IX='1'><Cell N='X' V='0.834680974146376' F='Inh'/><Cell N='A' V='1.669361948292752' U='DL' F='Inh'/><Cell N='C' V='0.834680974146376' U='DL' F='Inh'/></Row></Section><Text><cp IX='0'/>Remove From Wishlist
</Text></Shape><Shape ID='50' Type='Shape' Master='8'><Cell N='PinX' V='5.617266631830614'/><Cell N='PinY' V='14.12795275590698'/><Section N='Character'><Row IX='0'><Cell N='LangID' V='en-CA'/></Row></Section><Text><cp IX='0'/>Delete Friend/Family
</Text></Shape><Shape ID='51' Type='Shape' Master='8'><Cell N='PinX' V='5.708661464783554'/><Cell N='PinY' V='4.510686199766562'/><Section N='Character'><Row IX='0'><Cell N='LangID' V='en-CA'/></Row></Section><Text><cp IX='0'/>Check Out
</Text></Shape><Shape ID='52' Type='Shape' Master='8'><Cell N='PinX' V='3.740157511409914'/><Cell N='PinY' V='8.253937007874015'/><Section N='Character'><Row IX='0'><Cell N='LangID' V='en-CA'/></Row></Section><Text><cp IX='0'/>Edit Game Review
</Text></Shape><Shape ID='53' Type='Shape' Master='8'><Cell N='PinX' V='3.740157511409914'/><Cell N='PinY' V='7.519685039369894'/><Section N='Character'><Row IX='0'><Cell N='LangID' V='en-CA'/></Row></Section><Text><cp IX='0'/>Delete Game Review
</Text></Shape></Shapes></PageContents>