<?xml version='1.0' encoding='utf-8' ?>
<Pages xmlns='http://schemas.microsoft.com/office/visio/2012/main' xmlns:r='http://schemas.openxmlformats.org/officeDocument/2006/relationships' xml:space='preserve'><Page ID='0' NameU='Page-1' Name='Page-1' ViewScale='0.98777777777778' ViewCenterX='5.8949663032278' ViewCenterY='9.3644545210489'><PageSheet LineStyle='0' FillStyle='0' TextStyle='0'><Cell N='PageWidth' V='11.69291338582677' U='IN'/><Cell N='PageHeight' V='16.03543307086614' U='IN'/><Cell N='ShdwOffsetX' V='0.1181102362204724' U='MM'/><Cell N='ShdwOffsetY' V='-0.1181102362204724' U='MM'/><Cell N='PageScale' V='0.03937007874015748' U='MM'/><Cell N='DrawingScale' V='0.03937007874015748' U='MM'/><Cell N='DrawingSizeType' V='0'/><Cell N='DrawingScaleType' V='0'/><Trigger N='RecalcColor'><RefBy T='Page' ID='0'/></Trigger><Cell N='InhibitSnap' V='0'/><Cell N='PageLockReplace' V='0' U='BOOL'/><Cell N='PageLockDuplicate' V='0' U='BOOL'/><Cell N='UIVisibility' V='0'/><Cell N='ShdwType' V='0'/><Cell N='ShdwObliqueAngle' V='0'/><Cell N='ShdwScaleFactor' V='1'/><Cell N='DrawingResizeType' V='1'/><Cell N='RouteStyle' V='2'/><Cell N='AvenueSizeX' V='1' U='MM'/><Cell N='AvenueSizeY' V='1' U='MM'/><Cell N='PageShapeSplit' V='1'/><Cell N='ColorSchemeIndex' V='40'/><Cell N='EffectSchemeIndex' V='40'/><Cell N='ConnectorSchemeIndex' V='40'/><Cell N='FontSchemeIndex' V='40'/><Cell N='ThemeIndex' V='40'/><Cell N='PageLeftMargin' V='0.25' U='MM'/><Cell N='PageRightMargin' V='0.25' U='MM'/><Cell N='PageTopMargin' V='0.25' U='MM'/><Cell N='PageBottomMargin' V='0.25' U='MM'/><Cell N='PrintPageOrientation' V='2'/><Cell N='YRulerOrigin' V='7.76771653543307'/><Cell N='YGridOrigin' V='7.76771653543307'/><Section N='User'><Row N='msvThemeOrder'><Cell N='Value' V='0'/><Cell N='Prompt' V='' F='No Formula'/></Row></Section><Section N='Layer'><Row IX='0'><Cell N='Name' V='Connector'/><Cell N='Color' V='255'/><Cell N='Status' V='0'/><Cell N='Visible' V='1'/><Cell N='Print' V='1'/><Cell N='Active' V='0'/><Cell N='Lock' V='0'/><Cell N='Snap' V='1'/><Cell N='Glue' V='1'/><Cell N='NameUniv' V='Connector'/><Cell N='ColorTrans' V='0'/></Row><Row IX='1'><Cell N='Name' V='Container'/><Cell N='Color' V='255'/><Cell N='Status' V='0'/><Cell N='Visible' V='1'/><Cell N='Print' V='1'/><Cell N='Active' V='0'/><Cell N='Lock' V='0'/><Cell N='Snap' V='1'/><Cell N='Glue' V='1'/><Cell N='NameUniv' V='Container'/><Cell N='ColorTrans' V='0'/></Row></Section></PageSheet><Rel r:id='rId1'/></Page></Pages>