<?xml version='1.0' encoding='utf-8' ?>
<PageContents xmlns='http://schemas.microsoft.com/office/visio/2012/main' xmlns:r='http://schemas.openxmlformats.org/officeDocument/2006/relationships' xml:space='preserve'><Shapes><Shape ID='82' NameU='Subsystem' Name='Subsystem' Type='Group' Master='13'><Cell N='PinX' V='6.313273393319743'/><Cell N='PinY' V='9.962598437307513'/><Cell N='Width' V='4.893138398385903'/><Cell N='Height' V='10.37401582200475'/><Cell N='LocPinX' V='2.446569199192951' F='Inh'/><Cell N='LocPinY' V='5.187007911002374' F='Inh'/><Cell N='LayerMember' V='1'/><Cell N='LineColor' V='#4271c6' F='Inh'/><Cell N='FillForegnd' V='#ffffff' F='Inh'/><Cell N='FillBkgnd' V='#c8c8c8' F='Inh'/><Cell N='ShapeShdwShow' V='2'/><Cell N='QuickStyleLineColor' V='103'/><Cell N='QuickStyleFillColor' V='103'/><Cell N='QuickStyleShadowColor' V='103'/><Cell N='QuickStyleFontColor' V='103'/><Cell N='QuickStyleLineMatrix' V='103'/><Cell N='QuickStyleFillMatrix' V='103'/><Cell N='QuickStyleEffectsMatrix' V='103'/><Cell N='QuickStyleFontMatrix' V='103'/><Cell N='Relationships' V='0' F='SUM(DEPENDSON(1,Sheet.51!SheetRef(),Sheet.22!SheetRef(),Sheet.20!SheetRef()))'/><Section N='User'><Row N='BaseColor'><Cell N='Value' V='#ffffff' U='COLOR' F='Inh'/></Row><Row N='LineColor'><Cell N='Value' V='#d5d5d5' U='COLOR' F='Inh'/></Row></Section><Section N='Character'><Row IX='0'><Cell N='Color' V='#4271c6' F='Inh'/></Row></Section><Section N='Connection'><Row IX='0'><Cell N='X' V='1.223284599596476' F='Inh'/><Cell N='Y' V='10.37401582200475' F='Inh'/></Row><Row IX='1'><Cell N='X' V='2.446569199192951' F='Inh'/><Cell N='Y' V='10.37401582200475' F='Inh'/></Row><Row IX='2'><Cell N='X' V='3.669853798789427' F='Inh'/><Cell N='Y' V='10.37401582200475' F='Inh'/></Row><Row IX='3'><Cell N='X' V='4.893138398385903' F='Inh'/><Cell N='Y' V='7.780511866503561' F='Inh'/></Row><Row IX='4'><Cell N='X' V='4.893138398385903' F='Inh'/><Cell N='Y' V='5.187007911002374' F='Inh'/></Row><Row IX='5'><Cell N='X' V='4.893138398385903' F='Inh'/><Cell N='Y' V='2.593503955501187' F='Inh'/></Row><Row IX='6'><Cell N='X' V='3.669853798789427' F='Inh'/></Row><Row IX='7'><Cell N='X' V='2.446569199192951' F='Inh'/></Row><Row IX='8'><Cell N='X' V='1.223284599596476' F='Inh'/></Row><Row IX='9'><Cell N='Y' V='2.593503955501187' F='Inh'/></Row><Row IX='10'><Cell N='Y' V='5.187007911002374' F='Inh'/></Row><Row IX='11'><Cell N='Y' V='7.780511866503561' F='Inh'/></Row></Section><Section N='Paragraph'><Row IX='0'><Cell N='HorzAlign' V='1' F='Inh'/></Row></Section><Shapes><Shape ID='83' Type='Group' MasterShape='6'><Cell N='PinX' V='2.446569199192951' F='Inh'/><Cell N='PinY' V='5.187007911002374' F='Inh'/><Cell N='Width' V='4.893138398385903' F='Inh'/><Cell N='Height' V='10.37401582200475' F='Inh'/><Cell N='LocPinX' V='2.446569199192951' F='Inh'/><Cell N='LocPinY' V='5.187007911002374' F='Inh'/><Cell N='LayerMember' V='1'/><Cell N='FillForegnd' V='#ffffff' F='Inh'/><Cell N='FillBkgnd' V='#c8c8c8' F='Inh'/><Cell N='ShdwForegnd' V='#000000' F='Inh'/><Cell N='ShapeShdwType' V='1' F='Inh'/><Cell N='ShapeShdwShow' V='1'/><Cell N='LineWeight' V='0.006944444444444444' U='PT' F='Inh'/><Cell N='LineColor' V='#4271c6' F='Inh'/><Cell N='QuickStyleLineColor' V='103'/><Cell N='QuickStyleFillColor' V='103'/><Cell N='QuickStyleShadowColor' V='103'/><Cell N='QuickStyleFontColor' V='103'/><Cell N='QuickStyleLineMatrix' V='103'/><Cell N='QuickStyleFillMatrix' V='103'/><Cell N='QuickStyleEffectsMatrix' V='103'/><Cell N='QuickStyleFontMatrix' V='103'/><Section N='User'><Row N='HorzAlign'><Cell N='Value' V='1' F='Inh'/></Row><Row N='FillForegndIn'><Cell N='Value' V='#ffffff' U='COLOR' F='Inh'/></Row><Row N='FillBkgndIn'><Cell N='Value' V='#c8c8c8' U='COLOR' F='Inh'/></Row><Row N='FillPatternIn'><Cell N='Value' V='1'/></Row><Row N='BaseColor'><Cell N='Value' V='#ffffff' U='COLOR' F='Inh'/></Row></Section><Section N='Geometry' IX='0'><Row T='LineTo' IX='2'><Cell N='X' V='2.446569199192951' F='Inh'/></Row><Row T='LineTo' IX='3'><Cell N='X' V='2.446569199192951' F='Inh'/></Row><Row T='LineTo' IX='4'><Cell N='X' V='4.893138398385903' F='Inh'/></Row><Row T='LineTo' IX='5'><Cell N='X' V='4.893138398385903' F='Inh'/><Cell N='Y' V='10.37401582200475' F='Inh'/></Row><Row T='LineTo' IX='6'><Cell N='X' V='2.446569199192951' F='Inh'/><Cell N='Y' V='10.37401582200475' F='Inh'/></Row><Row T='LineTo' IX='7'><Cell N='X' V='2.446569199192951' F='Inh'/><Cell N='Y' V='10.37401582200475' F='Inh'/></Row><Row T='LineTo' IX='8'><Cell N='Y' V='10.37401582200475' F='Inh'/></Row></Section><Section N='Geometry' IX='1'><Row T='LineTo' IX='2'><Cell N='X' V='4.696288004685115' U='MM' F='Inh'/></Row><Row T='EllipticalArcTo' IX='3'><Cell N='X' V='4.893138398385903' F='Inh'/><Cell N='A' V='4.835480918070942' U='MM' F='Inh'/></Row><Row T='LineTo' IX='4'><Cell N='X' V='4.893138398385903' F='Inh'/><Cell N='Y' V='10.37401582200475' F='Inh'/></Row><Row T='LineTo' IX='5'><Cell N='Y' V='10.37401582200475' F='Inh'/></Row><Row T='EllipticalArcTo' IX='6'><Cell N='Y' V='10.17716542830396' U='MM' F='Inh'/><Cell N='B' V='10.31635834168979' U='MM' F='Inh'/></Row></Section><Section N='Geometry' IX='2'><Row T='LineTo' IX='2'><Cell N='X' V='4.893138398385903' F='Inh'/></Row><Row T='LineTo' IX='3'><Cell N='X' V='4.893138398385903' F='Inh'/><Cell N='Y' V='10.17716542830396' U='MM' F='Inh'/></Row><Row T='EllipticalArcTo' IX='4'><Cell N='X' V='4.696288004685115' U='MM' F='Inh'/><Cell N='Y' V='10.37401582200475' F='Inh'/><Cell N='A' V='4.835480918070942' U='MM' F='Inh'/><Cell N='B' V='10.31635834168979' U='MM' F='Inh'/></Row><Row T='LineTo' IX='5'><Cell N='Y' V='10.37401582200475' F='Inh'/></Row></Section><Shapes><Shape ID='84' Type='Shape' MasterShape='7'><Cell N='PinX' V='2.485939277933109' U='MM' F='Inh'/><Cell N='PinY' V='5.147637832262217' U='MM' F='Inh'/><Cell N='Width' V='4.893138398385903' F='Inh'/><Cell N='Height' V='10.37401582200475' F='Inh'/><Cell N='LocPinX' V='2.446569199192951' F='Inh'/><Cell N='LocPinY' V='5.187007911002374' F='Inh'/><Cell N='LayerMember' V='1'/><Cell N='FillForegnd' V='#ffffff' F='Inh'/><Cell N='FillBkgnd' V='#c8c8c8' F='Inh'/><Cell N='ShdwForegnd' V='#000000' F='Inh'/><Cell N='ShapeShdwType' V='1' F='Inh'/><Cell N='LineWeight' V='0.006944444444444444' U='PT' F='Inh'/><Cell N='LineColor' V='#4271c6' F='Inh'/><Section N='User'><Row N='HorzAlign'><Cell N='Value' V='1' F='Inh'/></Row></Section><Section N='Geometry' IX='0'><Row T='LineTo' IX='2'><Cell N='X' V='2.446569199192951' F='Inh'/></Row><Row T='LineTo' IX='3'><Cell N='X' V='2.446569199192951' F='Inh'/></Row><Row T='LineTo' IX='4'><Cell N='X' V='4.893138398385903' F='Inh'/></Row><Row T='LineTo' IX='5'><Cell N='X' V='4.893138398385903' F='Inh'/><Cell N='Y' V='10.37401582200475' F='Inh'/></Row><Row T='LineTo' IX='6'><Cell N='X' V='2.446569199192951' F='Inh'/><Cell N='Y' V='10.37401582200475' F='Inh'/></Row><Row T='LineTo' IX='7'><Cell N='X' V='2.446569199192951' F='Inh'/><Cell N='Y' V='10.37401582200475' F='Inh'/></Row><Row T='LineTo' IX='8'><Cell N='Y' V='10.37401582200475' F='Inh'/></Row></Section></Shape></Shapes></Shape><Shape ID='85' Type='Group' MasterShape='8'><Cell N='PinX' V='2.446569199192951' F='Inh'/><Cell N='PinY' V='10.37401582200475' F='Inh'/><Cell N='Width' V='4.893138398385903' F='Inh'/><Cell N='LocPinX' V='2.446569199192951' F='Inh'/><Cell N='LayerMember' V='1'/><Cell N='LineColor' V='#ffffff' F='Inh'/><Cell N='TxtPinX' V='2.446569199192951' F='Inh'/><Cell N='TxtWidth' V='4.893138398385903' F='Inh'/><Cell N='TxtLocPinX' V='2.446569199192951' F='Inh'/><Cell N='ShapeShdwShow' V='1'/><Cell N='QuickStyleLineColor' V='103'/><Cell N='QuickStyleFillColor' V='103'/><Cell N='QuickStyleShadowColor' V='103'/><Cell N='QuickStyleFontColor' V='103'/><Cell N='QuickStyleLineMatrix' V='103'/><Cell N='QuickStyleFillMatrix' V='103'/><Cell N='QuickStyleEffectsMatrix' V='103'/><Cell N='QuickStyleFontMatrix' V='103'/><Section N='User'><Row N='HorzAlign'><Cell N='Value' V='1' F='Inh'/></Row><Row N='HTxtWidth'><Cell N='Value' V='4.893138398385903' U='DL' F='Inh'/></Row><Row N='HRight'><Cell N='Value' V='4.893138398385903' U='DL' F='Inh'/></Row><Row N='FillForegndIn'><Cell N='Value' V='#c8c8c8' U='COLOR' F='Inh'/></Row><Row N='FillBkgndIn'><Cell N='Value' V='#ffffff' U='COLOR' F='Inh'/></Row><Row N='BaseColor'><Cell N='Value' V='#ffffff' U='COLOR' F='Inh'/></Row><Row N='FillPatternIn'><Cell N='Value' V='30'/></Row><Row N='BackFillColor'><Cell N='Value' V='#4271c6' U='COLOR' F='Inh'/></Row><Row N='BackLineColor'><Cell N='Value' V='#ffffff' U='COLOR' F='Inh'/></Row><Row N='BackCharColor'><Cell N='Value' V='#4271c6' U='COLOR' F='Inh'/></Row><Row N='DarkerColor'><Cell N='Value' V='#4271c6' U='COLOR' F='Inh'/></Row></Section><Section N='Character'><Row IX='0'><Cell N='Color' V='#4271c6' F='Inh'/><Cell N='LangID' V='en-CA'/></Row></Section><Section N='Paragraph'><Row IX='0'><Cell N='HorzAlign' V='1'/></Row></Section><Section N='Geometry' IX='0'><Row T='LineTo' IX='3'><Cell N='X' V='4.893138398385903' U='MM' F='Inh'/></Row><Row T='LineTo' IX='4'><Cell N='X' V='4.893138398385903' U='MM' F='Inh'/></Row><Row T='EllipticalArcTo' IX='5'><Cell N='X' V='4.893138398385903' U='MM' F='Inh'/><Cell N='A' V='4.893138398385903' U='MM' F='Inh'/></Row><Row T='LineTo' IX='6'><Cell N='X' V='4.893138398385903' U='MM' F='Inh'/></Row><Row T='LineTo' IX='7'><Cell N='X' V='4.893138398385903' U='MM' F='Inh'/></Row></Section><Section N='Geometry' IX='1'><Row T='LineTo' IX='3'><Cell N='X' V='4.893138398385903' U='MM' F='Inh'/></Row><Row T='LineTo' IX='4'><Cell N='X' V='4.893138398385903' U='MM' F='Inh'/></Row><Row T='LineTo' IX='5'><Cell N='X' V='4.893138398385903' U='MM' F='Inh'/></Row><Row T='LineTo' IX='6'><Cell N='X' V='2.446569199192951' F='Inh'/></Row><Row T='LineTo' IX='7'><Cell N='X' V='2.446569199192951' F='Inh'/></Row></Section><Section N='Geometry' IX='2'><Row T='EllipticalArcTo' IX='2'><Cell N='X' V='4.893138398385903' F='Inh'/><Cell N='A' V='2.446569199192951' U='DL' F='Inh'/></Row><Row T='EllipticalArcTo' IX='3'><Cell N='X' V='4.893138398385903' F='Inh'/><Cell N='A' V='4.893138398385903' U='DL' F='Inh'/></Row><Row T='LineTo' IX='4'><Cell N='X' V='4.893138398385903' F='Inh'/></Row><Row T='EllipticalArcTo' IX='5'><Cell N='X' V='4.893138398385903' F='Inh'/><Cell N='A' V='4.893138398385903' U='DL' F='Inh'/></Row><Row T='EllipticalArcTo' IX='6'><Cell N='A' V='2.446569199192951' U='DL' F='Inh'/></Row></Section><Section N='Geometry' IX='3'><Row T='LineTo' IX='2'><Cell N='X' V='4.893138398385903' F='Inh'/></Row><Row T='EllipticalArcTo' IX='3'><Cell N='X' V='4.893138398385903' F='Inh'/><Cell N='A' V='4.893138398385903' U='DL' F='Inh'/></Row><Row T='LineTo' IX='4'><Cell N='X' V='4.893138398385903' F='Inh'/></Row><Row T='EllipticalArcTo' IX='5'><Cell N='X' V='4.77502816216543' U='MM' F='Inh'/><Cell N='A' V='4.858543910196926' U='MM' F='Inh'/></Row></Section><Section N='Geometry' IX='4'><Row T='LineTo' IX='2'><Cell N='X' V='4.952193516496139' U='MM' F='Inh'/></Row><Row T='LineTo' IX='3'><Cell N='X' V='4.952193516496139' U='MM' F='Inh'/></Row><Row T='LineTo' IX='6'><Cell N='Y' V='-10.01968511334333' U='MM' F='Inh'/></Row><Row T='LineTo' IX='7'><Cell N='Y' V='-10.01968511334333' U='MM' F='Inh'/></Row><Row T='MoveTo' IX='8'><Cell N='X' V='4.893138398385903' F='Inh'/></Row><Row T='LineTo' IX='9'><Cell N='X' V='4.893138398385903' F='Inh'/></Row><Row T='LineTo' IX='10'><Cell N='X' V='4.893138398385903' F='Inh'/><Cell N='Y' V='-10.01968511334333' U='MM' F='Inh'/></Row></Section><Text><cp IX='0'/><pp IX='0'/>Conestoga Virtual Game Store
</Text><Shapes><Shape ID='86' Type='Shape' MasterShape='9'><Cell N='PinX' V='2.446569199192951' F='Inh'/><Cell N='Width' V='4.893138398385903' F='Inh'/><Cell N='LocPinX' V='2.446569199192951' F='Inh'/><Cell N='LayerMember' V='1'/><Cell N='LineColor' V='#ffffff' F='Inh'/><Section N='User'><Row N='HRight'><Cell N='Value' V='4.893138398385903' U='DL' F='Inh'/></Row><Row N='Offset7'><Cell N='Value' V='0.003472222222222222' U='PT' F='Inh'/></Row><Row N='AnchorPt7'><Cell N='Value' V='0.5575513998250218' U='MM' F='Inh'/></Row></Section><Section N='Geometry' IX='0'><Row T='LineTo' IX='2'><Cell N='X' V='4.893138398385903' F='Inh'/></Row><Row T='EllipticalArcTo' IX='3'><Cell N='X' V='4.893138398385903' F='Inh'/><Cell N='A' V='4.893138398385903' U='DL' F='Inh'/></Row><Row T='LineTo' IX='4'><Cell N='X' V='4.893138398385903' F='Inh'/></Row><Row T='EllipticalArcTo' IX='5'><Cell N='X' V='4.893138398385903' F='Inh'/><Cell N='A' V='4.893138398385903' U='DL' F='Inh'/></Row></Section><Section N='Geometry' IX='1'><Row T='MoveTo' IX='1'><Cell N='X' V='0.003472222222222222' U='PT' F='Inh'/></Row><Row T='EllipticalArcTo' IX='2'><Cell N='X' V='4.88966617616368' U='PT' F='Inh'/><Cell N='A' V='2.446569199192951' U='DL' F='Inh'/></Row><Row T='LineTo' IX='3'><Cell N='X' V='4.88966617616368' U='PT' F='Inh'/></Row><Row T='EllipticalArcTo' IX='4'><Cell N='X' V='0.003472222222222222' U='PT' F='Inh'/><Cell N='A' V='2.446569199192951' U='DL' F='Inh'/></Row><Row T='LineTo' IX='5'><Cell N='X' V='0.003472222222222222' U='PT' F='Inh'/></Row></Section></Shape></Shapes></Shape></Shapes></Shape><Shape ID='1' NameU='Actor' Name='Actor' Type='Shape' Master='7'><Cell N='PinX' V='0.4862204724409449'/><Cell N='PinY' V='9.933070884144074'/><Cell N='TxtWidth' V='0.8083504431657986' F='Inh'/><Cell N='TxtHeight' V='0.3111626369900173' F='Inh'/><Cell N='TxtLocPinX' V='0.4041752215828993' F='Inh'/><Cell N='TxtLocPinY' V='0.3111626369900173' F='Inh'/><Text>Customer
</Text></Shape><Shape ID='2' NameU='Use Case' Name='Use Case' Type='Shape' Master='8'><Cell N='PinX' V='5.466008411790972'/><Cell N='PinY' V='13.85826758887346'/><Text>Login
</Text></Shape><Shape ID='6' Type='Shape' Master='7'><Cell N='PinX' V='11.20669291338582'/><Cell N='PinY' V='11.06327219902784'/><Cell N='TxtWidth' V='0.8183602087907986' F='Inh'/><Cell N='TxtHeight' V='0.3111626369900173' F='Inh'/><Cell N='TxtLocPinX' V='0.4091801043953993' F='Inh'/><Cell N='TxtLocPinY' V='0.3111626369900173' F='Inh'/><Text>Employee
</Text></Shape><Shape ID='7' Type='Shape' Master='8'><Cell N='PinX' V='5.466008442885925'/><Cell N='PinY' V='9.259842562237314'/><Text>Register for Event
</Text></Shape><Shape ID='12' Type='Shape' Master='8'><Cell N='PinX' V='5.466008442885926'/><Cell N='PinY' V='11.55905507555539'/><Cell N='Width' V='1.76441276006033' F='Inh'/><Cell N='LocPinX' V='0.8822063800301651' F='Inh'/><Section N='Character'><Row IX='0'><Cell N='LangID' V='en-CA'/></Row><Row IX='1'><Cell N='Font' V='Themed' F='THEMEVAL()'/><Cell N='Color' V='Themed' F='THEMEVAL()'/><Cell N='Style' V='Themed' F='THEMEVAL()'/><Cell N='Case' V='0'/><Cell N='Pos' V='0'/><Cell N='FontScale' V='1'/><Cell N='Size' V='0.1666666666666667'/><Cell N='DblUnderline' V='0'/><Cell N='Overline' V='0'/><Cell N='Strikethru' V='0'/><Cell N='DoubleStrikethrough' V='0'/><Cell N='Letterspace' V='0'/><Cell N='ColorTrans' V='0'/><Cell N='AsianFont' V='Themed' F='THEMEVAL()'/><Cell N='ComplexScriptFont' V='Themed' F='THEMEVAL()'/><Cell N='ComplexScriptSize' V='-1'/><Cell N='LangID' V='en-US'/></Row></Section><Section N='Geometry' IX='0'><Row T='Ellipse' IX='1'><Cell N='X' V='0.8822063800301651' F='Inh'/><Cell N='A' V='1.76441276006033' U='DL' F='Inh'/><Cell N='C' V='0.8822063800301651' U='DL' F='Inh'/></Row></Section><Text><cp IX='0'/>Edit Preferences/<cp IX='1'/>Proflie
</Text></Shape><Shape ID='15' Type='Shape' Master='8'><Cell N='PinX' V='5.466008442885926'/><Cell N='PinY' V='10.98425194722587'/><Text>Download
</Text></Shape><Shape ID='16' Type='Shape' Master='8'><Cell N='PinX' V='5.466008442885926'/><Cell N='PinY' V='10.40944881889635'/><Text>Rate Game
</Text></Shape><Shape ID='17' Type='Shape' Master='8'><Cell N='PinX' V='5.466008442885926'/><Cell N='PinY' V='9.834645690566832'/><Cell N='Width' V='1.665367960255643' F='Inh'/><Cell N='LocPinX' V='0.8326839801278213' F='Inh'/><Section N='Character'><Row IX='0'><Cell N='LangID' V='en-CA'/></Row></Section><Section N='Geometry' IX='0'><Row T='Ellipse' IX='1'><Cell N='X' V='0.8326839801278213' F='Inh'/><Cell N='A' V='1.665367960255643' U='DL' F='Inh'/><Cell N='C' V='0.8326839801278213' U='DL' F='Inh'/></Row></Section><Text><cp IX='0'/>Manage Game Review
</Text></Shape><Shape ID='19' Type='Shape' Master='8'><Cell N='PinX' V='5.466008442885924'/><Cell N='PinY' V='8.685039433907795'/><Section N='Character'><Row IX='0'><Cell N='LangID' V='en-CA'/></Row></Section><Text><cp IX='0'/>Manage Wish List
</Text></Shape><Shape ID='20' Type='Shape' Master='8'><Cell N='PinX' V='5.46600843633962'/><Cell N='PinY' V='5.81102379226019'/><Cell N='Relationships' V='0' F='SUM(DEPENDSON(4,Sheet.82!SheetRef()))'/><Section N='Character'><Row IX='0'><Cell N='LangID' V='en-CA'/></Row></Section><Text><cp IX='0'/>Manage Cart
</Text></Shape><Shape ID='22' Type='Shape' Master='8'><Cell N='PinX' V='5.466008411790971'/><Cell N='PinY' V='13.28346446054395'/><Cell N='Relationships' V='0' F='SUM(DEPENDSON(4,Sheet.82!SheetRef()))'/><Text>Search Games
</Text></Shape><Shape ID='23' Type='Shape' Master='8'><Cell N='PinX' V='5.466008442885926'/><Cell N='PinY' V='12.13385820388491'/><Text>View Game Details
</Text></Shape><Shape ID='30' Type='Shape' Master='8'><Cell N='PinX' V='5.466008411790972'/><Cell N='PinY' V='14.43307071720298'/><Section N='Character'><Row IX='0'><Cell N='LangID' V='en-CA'/></Row></Section><Text><cp IX='0'/>Create Account
</Text></Shape><Shape ID='32' Type='Shape' Master='8'><Cell N='PinX' V='5.466008442885924'/><Cell N='PinY' V='8.110236305578276'/><Cell N='Width' V='1.739674448292752' F='Inh'/><Cell N='LocPinX' V='0.8698372241463759' F='Inh'/><Section N='Character'><Row IX='0'><Cell N='LangID' V='en-CA'/></Row></Section><Section N='Geometry' IX='0'><Row T='Ellipse' IX='1'><Cell N='X' V='0.8698372241463759' F='Inh'/><Cell N='A' V='1.739674448292752' U='DL' F='Inh'/><Cell N='C' V='0.8698372241463759' U='DL' F='Inh'/></Row></Section><Text><cp IX='0'/>Manage Friends/Family
</Text></Shape><Shape ID='33' Type='Shape' Master='8'><Cell N='PinX' V='5.466008436339621'/><Cell N='PinY' V='7.535433177248756'/><Section N='Character'><Row IX='0'><Cell N='LangID' V='en-CA'/></Row></Section><Text><cp IX='0'/>Manage Credit Cards
</Text></Shape><Shape ID='4' Type='Shape' Master='8'><Cell N='PinX' V='7.416645219429526'/><Cell N='PinY' V='11.53065087275937'/><Cell N='Width' V='1.574803149606299'/><Cell N='Height' V='0.4724409448818898'/><Cell N='ShapeShdwShow' V='2'/><Section N='Character'><Row IX='0'><Cell N='LangID' V='en-CA'/></Row></Section><Text><cp IX='0'/>Manage Events
</Text></Shape><Shape ID='8' Type='Shape' Master='8'><Cell N='PinX' V='7.416645219429526'/><Cell N='PinY' V='10.08408250167426'/><Cell N='Width' V='1.574803149606299'/><Cell N='Height' V='0.4724409448818898'/><Cell N='ShapeShdwShow' V='2'/><Section N='Character'><Row IX='0'><Cell N='LangID' V='en-CA'/></Row></Section><Text><cp IX='0'/>Manage Reports
</Text></Shape><Shape ID='31' Type='Shape' Master='8'><Cell N='PinX' V='7.416645219429525'/><Cell N='PinY' V='9.360798316131707'/><Cell N='Width' V='1.602131723683377'/><Cell N='Height' V='0.4724409448818898'/><Cell N='LocPinX' V='0.8010658618416885' F='Inh'/><Cell N='ShapeShdwShow' V='2'/><Section N='Character'><Row IX='0'><Cell N='LangID' V='en-CA'/></Row></Section><Section N='Geometry' IX='0'><Row T='Ellipse' IX='1'><Cell N='X' V='0.8010658618416885' F='Inh'/><Cell N='A' V='1.602131723683377' U='DL' F='Inh'/><Cell N='C' V='0.8010658618416885' U='DL' F='Inh'/></Row></Section><Text><cp IX='0'/>Manage User Reviews
</Text></Shape><Shape ID='34' Type='Shape' Master='8'><Cell N='PinX' V='7.416645219429524'/><Cell N='PinY' V='12.97721924384447'/><Cell N='Width' V='1.574803149606299'/><Cell N='Height' V='0.4724409448818898'/><Cell N='ShapeShdwShow' V='2'/><Section N='Character'><Row IX='0'><Cell N='LangID' V='en-CA'/></Row></Section><Text><cp IX='0'/>Manage Inventory
</Text></Shape><Shape ID='36' Type='Shape' Master='8'><Cell N='PinX' V='7.416645219429524'/><Cell N='PinY' V='12.25393505830192'/><Cell N='Width' V='1.574803149606299'/><Cell N='Height' V='0.4724409448818898'/><Cell N='ShapeShdwShow' V='2'/><Section N='Character'><Row IX='0'><Cell N='LangID' V='en-CA'/></Row></Section><Text><cp IX='0'/>Manage Games
</Text></Shape><Shape ID='38' Type='Shape' Master='8'><Cell N='PinX' V='7.416645219429526'/><Cell N='PinY' V='10.80736668721681'/><Cell N='Width' V='1.574803149606299'/><Cell N='Height' V='0.4724409448818898'/><Cell N='ShapeShdwShow' V='2'/><Section N='Character'><Row IX='0'><Cell N='LangID' V='en-CA'/></Row></Section><Text><cp IX='0'/>Manage Orders
</Text></Shape><Shape ID='44' Type='Shape' Master='8'><Cell N='PinX' V='5.466008436339621'/><Cell N='PinY' V='6.960630048919235'/><Section N='Character'><Row IX='0'><Cell N='LangID' V='en-CA'/></Row></Section><Text><cp IX='0'/>Manage Addresses
</Text></Shape><Shape ID='46' Type='Shape' Master='8'><Cell N='PinX' V='5.46600841179097'/><Cell N='PinY' V='12.70866133221443'/><Section N='Character'><Row IX='0'><Cell N='LangID' V='en-CA'/></Row></Section><Text><cp IX='0'/>View Inventory
</Text></Shape><Shape ID='47' Type='Shape' Master='8'><Cell N='PinX' V='5.46600843633962'/><Cell N='PinY' V='6.385826920589714'/><Section N='Character'><Row IX='0'><Cell N='LangID' V='en-CA'/></Row></Section><Text><cp IX='0'/>Manage Password
</Text></Shape><Shape ID='51' Type='Shape' Master='8'><Cell N='PinX' V='5.46600843633962'/><Cell N='PinY' V='5.236220663930665'/><Cell N='Relationships' V='0' F='SUM(DEPENDSON(4,Sheet.82!SheetRef()))'/><Section N='Character'><Row IX='0'><Cell N='LangID' V='en-CA'/></Row></Section><Text><cp IX='0'/>Check Out
</Text></Shape><Shape ID='52' Type='Shape' Master='8'><Cell N='PinX' V='7.416645219429524'/><Cell N='PinY' V='8.637514130589155'/><Section N='Character'><Row IX='0'><Cell N='LangID' V='en-CA'/></Row></Section><Text><cp IX='0'/>Manage Customers
</Text></Shape><Shape ID='55' NameU='Association' Name='Association' Type='Shape' Master='12'><Cell N='PinX' V='2.719132189126396' F='Inh'/><Cell N='PinY' V='10.14667633851119' F='Inh'/><Cell N='Width' V='3.993382488489013' F='GUARD(EndX-BeginX)'/><Cell N='Height' V='0.3820161247492457' F='GUARD(EndY-BeginY)'/><Cell N='LocPinX' V='1.996691244244507' F='Inh'/><Cell N='LocPinY' V='0.1910080623746229' F='Inh'/><Cell N='BeginX' V='0.7224409448818898' F='_WALKGLUE(BegTrigger,EndTrigger,WalkPreference)'/><Cell N='BeginY' V='9.955668276136564' F='_WALKGLUE(BegTrigger,EndTrigger,WalkPreference)'/><Cell N='EndX' V='4.715823433370903' F='_WALKGLUE(EndTrigger,BegTrigger,WalkPreference)'/><Cell N='EndY' V='10.33768440088581' F='_WALKGLUE(EndTrigger,BegTrigger,WalkPreference)'/><Cell N='LayerMember' V='0'/><Cell N='BegTrigger' V='2' F='_XFTRIGGER(Sheet.1!EventXFMod)'/><Cell N='EndTrigger' V='2' F='_XFTRIGGER(Sheet.16!EventXFMod)'/><Cell N='ConFixedCode' V='6'/><Cell N='TxtPinX' V='1.996691226959229' F='Inh'/><Cell N='TxtPinY' V='0.191008061170578' F='Inh'/><Section N='Control'><Row N='TextPosition'><Cell N='X' V='1.996691226959229'/><Cell N='Y' V='0.191008061170578'/><Cell N='XDyn' V='1.996691226959229' F='Inh'/><Cell N='YDyn' V='0.191008061170578' F='Inh'/></Row></Section><Section N='Geometry' IX='0'><Row T='MoveTo' IX='1'><Cell N='Y' V='0'/></Row><Row T='LineTo' IX='2'><Cell N='X' V='3.993382488489013'/><Cell N='Y' V='0.3820161247492457'/></Row></Section></Shape><Shape ID='56' Type='Shape' Master='12'><Cell N='PinX' V='2.772242758956186' F='Inh'/><Cell N='PinY' V='10.41562623622527' F='Inh'/><Cell N='Width' V='4.099603628148592' F='GUARD(EndX-BeginX)'/><Cell N='Height' V='0.865383370863908' F='GUARD(EndY-BeginY)'/><Cell N='LocPinX' V='2.049801814074296' F='Inh'/><Cell N='LocPinY' V='0.432691685431954' F='Inh'/><Cell N='BeginX' V='0.7224409448818898' F='_WALKGLUE(BegTrigger,EndTrigger,WalkPreference)'/><Cell N='BeginY' V='9.982934550793313' F='_WALKGLUE(BegTrigger,EndTrigger,WalkPreference)'/><Cell N='EndX' V='4.822044573030482' F='_WALKGLUE(EndTrigger,BegTrigger,WalkPreference)'/><Cell N='EndY' V='10.84831792165722' F='_WALKGLUE(EndTrigger,BegTrigger,WalkPreference)'/><Cell N='LayerMember' V='0'/><Cell N='BegTrigger' V='2' F='_XFTRIGGER(Sheet.1!EventXFMod)'/><Cell N='EndTrigger' V='2' F='_XFTRIGGER(Sheet.15!EventXFMod)'/><Cell N='ConFixedCode' V='6'/><Cell N='TxtPinX' V='2.049801826477051' F='Inh'/><Cell N='TxtPinY' V='0.4326916933059692' F='Inh'/><Section N='Control'><Row N='TextPosition'><Cell N='X' V='2.049801826477051'/><Cell N='Y' V='0.4326916933059692'/><Cell N='XDyn' V='2.049801826477051' F='Inh'/><Cell N='YDyn' V='0.4326916933059692' F='Inh'/></Row></Section><Section N='Geometry' IX='0'><Row T='MoveTo' IX='1'><Cell N='Y' V='0'/></Row><Row T='LineTo' IX='2'><Cell N='X' V='4.099603628148592'/><Cell N='Y' V='0.865383370863908'/></Row></Section></Shape><Shape ID='58' Type='Shape' Master='12'><Cell N='PinX' V='2.814519376094029' F='Inh'/><Cell N='PinY' V='10.69329947875268' F='Inh'/><Cell N='Width' V='4.184156862424278' F='GUARD(EndX-BeginX)'/><Cell N='Height' V='1.366197306605226' F='GUARD(EndY-BeginY)'/><Cell N='LocPinX' V='2.092078431212139' F='Inh'/><Cell N='LocPinY' V='0.6830986533026131' F='Inh'/><Cell N='BeginX' V='0.7224409448818898' F='_WALKGLUE(BegTrigger,EndTrigger,WalkPreference)'/><Cell N='BeginY' V='10.01020082545006' F='_WALKGLUE(BegTrigger,EndTrigger,WalkPreference)'/><Cell N='EndX' V='4.906597807306168' F='_WALKGLUE(EndTrigger,BegTrigger,WalkPreference)'/><Cell N='EndY' V='11.37639813205529' F='_WALKGLUE(EndTrigger,BegTrigger,WalkPreference)'/><Cell N='LayerMember' V='0'/><Cell N='BegTrigger' V='2' F='_XFTRIGGER(Sheet.1!EventXFMod)'/><Cell N='EndTrigger' V='2' F='_XFTRIGGER(Sheet.12!EventXFMod)'/><Cell N='ConFixedCode' V='6'/><Cell N='TxtPinX' V='2.092078447341919' F='Inh'/><Cell N='TxtPinY' V='0.6830986738204956' F='Inh'/><Section N='Control'><Row N='TextPosition'><Cell N='X' V='2.092078447341919'/><Cell N='Y' V='0.6830986738204956'/><Cell N='XDyn' V='2.092078447341919' F='Inh'/><Cell N='YDyn' V='0.6830986738204956' F='Inh'/></Row></Section><Section N='Geometry' IX='0'><Row T='MoveTo' IX='1'><Cell N='Y' V='0'/></Row><Row T='LineTo' IX='2'><Cell N='X' V='4.184156862424278'/><Cell N='Y' V='1.366197306605226'/></Row></Section></Shape><Shape ID='59' Type='Shape' Master='12'><Cell N='PinX' V='2.873105913375982' F='Inh'/><Cell N='PinY' V='10.98794053788446' F='Inh'/><Cell N='Width' V='4.301329936988185' F='GUARD(EndX-BeginX)'/><Cell N='Height' V='1.900946875555295' F='GUARD(EndY-BeginY)'/><Cell N='LocPinX' V='2.150664968494092' F='Inh'/><Cell N='LocPinY' V='0.9504734377776476' F='Inh'/><Cell N='BeginX' V='0.7224409448818898' F='_WALKGLUE(BegTrigger,EndTrigger,WalkPreference)'/><Cell N='BeginY' V='10.03746710010681' F='_WALKGLUE(BegTrigger,EndTrigger,WalkPreference)'/><Cell N='EndX' V='5.023770881870075' F='_WALKGLUE(EndTrigger,BegTrigger,WalkPreference)'/><Cell N='EndY' V='11.93841397566211' F='_WALKGLUE(EndTrigger,BegTrigger,WalkPreference)'/><Cell N='LayerMember' V='0'/><Cell N='BegTrigger' V='2' F='_XFTRIGGER(Sheet.1!EventXFMod)'/><Cell N='EndTrigger' V='2' F='_XFTRIGGER(Sheet.23!EventXFMod)'/><Cell N='ConFixedCode' V='6'/><Cell N='TxtPinX' V='2.150665044784546' F='Inh'/><Cell N='TxtPinY' V='0.950473427772522' F='Inh'/><Section N='Control'><Row N='TextPosition'><Cell N='X' V='2.150665044784546'/><Cell N='Y' V='0.950473427772522'/><Cell N='XDyn' V='2.150665044784546' F='Inh'/><Cell N='YDyn' V='0.950473427772522' F='Inh'/></Row></Section><Section N='Geometry' IX='0'><Row T='MoveTo' IX='1'><Cell N='Y' V='0'/></Row><Row T='LineTo' IX='2'><Cell N='X' V='4.301329936988185'/><Cell N='Y' V='1.900946875555295'/></Row></Section></Shape><Shape ID='60' Type='Shape' Master='12'><Cell N='PinX' V='2.907630496091623' F='Inh'/><Cell N='PinY' V='11.28269512805994' F='Inh'/><Cell N='Width' V='4.370379102419467' F='GUARD(EndX-BeginX)'/><Cell N='Height' V='2.435923504948493' F='GUARD(EndY-BeginY)'/><Cell N='LocPinX' V='2.185189551209733' F='Inh'/><Cell N='LocPinY' V='1.217961752474246' F='Inh'/><Cell N='BeginX' V='0.7224409448818898' F='_WALKGLUE(BegTrigger,EndTrigger,WalkPreference)'/><Cell N='BeginY' V='10.06473337558569' F='_WALKGLUE(BegTrigger,EndTrigger,WalkPreference)'/><Cell N='EndX' V='5.092820047301356' F='_WALKGLUE(EndTrigger,BegTrigger,WalkPreference)'/><Cell N='EndY' V='12.50065688053419' F='_WALKGLUE(EndTrigger,BegTrigger,WalkPreference)'/><Cell N='LayerMember' V='0'/><Cell N='BegTrigger' V='2' F='_XFTRIGGER(Sheet.1!EventXFMod)'/><Cell N='EndTrigger' V='2' F='_XFTRIGGER(Sheet.46!EventXFMod)'/><Cell N='ConFixedCode' V='6'/><Cell N='TxtPinX' V='2.185189485549927' F='Inh'/><Cell N='TxtPinY' V='1.21796178817749' F='Inh'/><Section N='Control'><Row N='TextPosition'><Cell N='X' V='2.185189485549927'/><Cell N='Y' V='1.21796178817749'/><Cell N='XDyn' V='2.185189485549927' F='Inh'/><Cell N='YDyn' V='1.21796178817749' F='Inh'/></Row></Section><Section N='Geometry' IX='0'><Row T='MoveTo' IX='1'><Cell N='Y' V='0'/></Row><Row T='LineTo' IX='2'><Cell N='X' V='4.370379102419467'/><Cell N='Y' V='2.435923504948493'/></Row></Section></Shape><Shape ID='61' Type='Shape' Master='12'><Cell N='PinX' V='2.954181737280866' F='Inh'/><Cell N='PinY' V='11.87838131545811' F='Inh'/><Cell N='Width' V='4.463481584797953' F='GUARD(EndX-BeginX)'/><Cell N='Height' V='3.518230780436806' F='GUARD(EndY-BeginY)'/><Cell N='LocPinX' V='2.231740792398977' F='Inh'/><Cell N='LocPinY' V='1.759115390218403' F='Inh'/><Cell N='BeginX' V='0.7224409448818898' F='_WALKGLUE(BegTrigger,EndTrigger,WalkPreference)'/><Cell N='BeginY' V='10.11926592523971' F='_WALKGLUE(BegTrigger,EndTrigger,WalkPreference)'/><Cell N='EndX' V='5.185922529679843' F='_WALKGLUE(EndTrigger,BegTrigger,WalkPreference)'/><Cell N='EndY' V='13.63749670567651' F='_WALKGLUE(EndTrigger,BegTrigger,WalkPreference)'/><Cell N='LayerMember' V='0'/><Cell N='BegTrigger' V='2' F='_XFTRIGGER(Sheet.1!EventXFMod)'/><Cell N='EndTrigger' V='2' F='_XFTRIGGER(Sheet.2!EventXFMod)'/><Cell N='ConFixedCode' V='6'/><Cell N='TxtPinX' V='2.231740713119507' F='Inh'/><Cell N='TxtPinY' V='1.759115338325501' F='Inh'/><Section N='Control'><Row N='TextPosition'><Cell N='X' V='2.231740713119507'/><Cell N='Y' V='1.759115338325501'/><Cell N='XDyn' V='2.231740713119507' F='Inh'/><Cell N='YDyn' V='1.759115338325501' F='Inh'/></Row></Section><Section N='Geometry' IX='0'><Row T='MoveTo' IX='1'><Cell N='Y' V='0'/></Row><Row T='LineTo' IX='2'><Cell N='X' V='4.463481584797953'/><Cell N='Y' V='3.518230780436806'/></Row></Section></Shape><Shape ID='62' Type='Shape' Master='12'><Cell N='PinX' V='2.965909318351399' F='Inh'/><Cell N='PinY' V='12.17384891094726' F='Inh'/><Cell N='Width' V='4.504014580804166' F='GUARD(EndX-BeginX)'/><Cell N='Height' V='4.070065855928609' F='GUARD(EndY-BeginY)'/><Cell N='LocPinX' V='2.252007290402083' F='Inh'/><Cell N='LocPinY' V='2.035032927964305' F='Inh'/><Cell N='BeginX' V='0.7139020279493157' F='_WALKGLUE(BegTrigger,EndTrigger,WalkPreference)'/><Cell N='BeginY' V='10.13881598298296' F='_WALKGLUE(BegTrigger,EndTrigger,WalkPreference)'/><Cell N='EndX' V='5.217916608753482' F='_WALKGLUE(EndTrigger,BegTrigger,WalkPreference)'/><Cell N='EndY' V='14.20888183891157' F='_WALKGLUE(EndTrigger,BegTrigger,WalkPreference)'/><Cell N='LayerMember' V='0'/><Cell N='BegTrigger' V='2' F='_XFTRIGGER(Sheet.1!EventXFMod)'/><Cell N='EndTrigger' V='2' F='_XFTRIGGER(Sheet.30!EventXFMod)'/><Cell N='ConFixedCode' V='6'/><Cell N='TxtPinX' V='2.252007246017456' F='Inh'/><Cell N='TxtPinY' V='2.035032987594605' F='Inh'/><Section N='Control'><Row N='TextPosition'><Cell N='X' V='2.252007246017456'/><Cell N='Y' V='2.035032987594605'/><Cell N='XDyn' V='2.252007246017456' F='Inh'/><Cell N='YDyn' V='2.035032987594605' F='Inh'/></Row></Section><Section N='Geometry' IX='0'><Row T='MoveTo' IX='1'><Cell N='Y' V='0'/></Row><Row T='LineTo' IX='2'><Cell N='X' V='4.504014580804166'/><Cell N='Y' V='4.070065855928609'/></Row></Section></Shape><Shape ID='63' Type='Shape' Master='12'><Cell N='PinX' V='2.678889539155241' F='Inh'/><Cell N='PinY' V='9.889732919029287' F='Inh'/><Cell N='Width' V='3.912897188546702' F='GUARD(EndX-BeginX)'/><Cell N='Height' V='-0.1968503937007874' F='GUARD(-0.19685039370079DL)'/><Cell N='LocPinX' V='1.956448594273351' F='Inh'/><Cell N='LocPinY' V='-0.09842519685039369' F='Inh'/><Cell N='BeginX' V='0.7224409448818898' F='_WALKGLUE(BegTrigger,EndTrigger,WalkPreference)'/><Cell N='BeginY' V='9.928402001479814' F='_WALKGLUE(BegTrigger,EndTrigger,WalkPreference)'/><Cell N='EndX' V='4.635338133428592' F='_WALKGLUE(EndTrigger,BegTrigger,WalkPreference)'/><Cell N='EndY' V='9.85106383657876' F='_WALKGLUE(EndTrigger,BegTrigger,WalkPreference)'/><Cell N='LayerMember' V='0'/><Cell N='BegTrigger' V='2' F='_XFTRIGGER(Sheet.1!EventXFMod)'/><Cell N='EndTrigger' V='2' F='_XFTRIGGER(Sheet.17!EventXFMod)'/><Cell N='ConFixedCode' V='6'/><Cell N='TxtPinX' V='1.956448554992676' F='Inh'/><Cell N='TxtPinY' V='-0.09842519462108612' F='Inh'/><Section N='Control'><Row N='TextPosition'><Cell N='X' V='1.956448554992676'/><Cell N='Y' V='-0.09842519462108612'/><Cell N='XDyn' V='1.956448554992676' F='Inh'/><Cell N='YDyn' V='-0.09842519462108612' F='Inh'/></Row></Section><Section N='Geometry' IX='0'><Row T='MoveTo' IX='1'><Cell N='Y' V='-0.0597561143998675'/></Row><Row T='LineTo' IX='2'><Cell N='X' V='3.912897188546702'/><Cell N='Y' V='-0.1370942793009213'/></Row></Section></Shape><Shape ID='64' Type='Shape' Master='12'><Cell N='PinX' V='2.792082381185522' F='Inh'/><Cell N='PinY' V='9.355177166761978' F='Inh'/><Cell N='Width' V='4.139282872607264' F='GUARD(EndX-BeginX)'/><Cell N='Height' V='-1.037384570808669' F='GUARD(EndY-BeginY)'/><Cell N='LocPinX' V='2.069641436303632' F='Inh'/><Cell N='LocPinY' V='-0.5186922854043345' F='Inh'/><Cell N='BeginX' V='0.7224409448818898' F='_WALKGLUE(BegTrigger,EndTrigger,WalkPreference)'/><Cell N='BeginY' V='9.873869452166312' F='_WALKGLUE(BegTrigger,EndTrigger,WalkPreference)'/><Cell N='EndX' V='4.861723817489154' F='_WALKGLUE(EndTrigger,BegTrigger,WalkPreference)'/><Cell N='EndY' V='8.836484881357643' F='_WALKGLUE(EndTrigger,BegTrigger,WalkPreference)'/><Cell N='LayerMember' V='0'/><Cell N='BegTrigger' V='2' F='_XFTRIGGER(Sheet.1!EventXFMod)'/><Cell N='EndTrigger' V='2' F='_XFTRIGGER(Sheet.19!EventXFMod)'/><Cell N='ConFixedCode' V='6'/><Cell N='TxtPinX' V='2.069641351699829' F='Inh'/><Cell N='TxtPinY' V='-0.5186923146247864' F='Inh'/><Section N='Control'><Row N='TextPosition'><Cell N='X' V='2.069641351699829'/><Cell N='Y' V='-0.5186923146247864'/><Cell N='XDyn' V='2.069641351699829' F='Inh'/><Cell N='YDyn' V='-0.5186923146247864' F='Inh'/></Row></Section><Section N='Geometry' IX='0'><Row T='MoveTo' IX='1'><Cell N='Y' V='0'/></Row><Row T='LineTo' IX='2'><Cell N='X' V='4.139282872607264'/><Cell N='Y' V='-1.037384570808669'/></Row></Section></Shape><Shape ID='66' Type='Shape' Master='12'><Cell N='PinX' V='2.835088619452638' F='Inh'/><Cell N='PinY' V='9.073275626941166' F='Inh'/><Cell N='Width' V='4.225295349141497' F='GUARD(EndX-BeginX)'/><Cell N='Height' V='-1.546655101136793' F='GUARD(EndY-BeginY)'/><Cell N='LocPinX' V='2.112647674570749' F='Inh'/><Cell N='LocPinY' V='-0.7733275505683963' F='Inh'/><Cell N='BeginX' V='0.7224409448818898' F='_WALKGLUE(BegTrigger,EndTrigger,WalkPreference)'/><Cell N='BeginY' V='9.846603177509563' F='_WALKGLUE(BegTrigger,EndTrigger,WalkPreference)'/><Cell N='EndX' V='4.947736294023387' F='_WALKGLUE(EndTrigger,BegTrigger,WalkPreference)'/><Cell N='EndY' V='8.29994807637277' F='_WALKGLUE(EndTrigger,BegTrigger,WalkPreference)'/><Cell N='LayerMember' V='0'/><Cell N='BegTrigger' V='2' F='_XFTRIGGER(Sheet.1!EventXFMod)'/><Cell N='EndTrigger' V='2' F='_XFTRIGGER(Sheet.32!EventXFMod)'/><Cell N='ConFixedCode' V='6'/><Cell N='TxtPinX' V='2.112647771835327' F='Inh'/><Cell N='TxtPinY' V='-0.7733275294303894' F='Inh'/><Section N='Control'><Row N='TextPosition'><Cell N='X' V='2.112647771835327'/><Cell N='Y' V='-0.7733275294303894'/><Cell N='XDyn' V='2.112647771835327' F='Inh'/><Cell N='YDyn' V='-0.7733275294303894' F='Inh'/></Row></Section><Section N='Geometry' IX='0'><Row T='MoveTo' IX='1'><Cell N='Y' V='0'/></Row><Row T='LineTo' IX='2'><Cell N='X' V='4.225295349141497'/><Cell N='Y' V='-1.546655101136793'/></Row></Section></Shape><Shape ID='67' Type='Shape' Master='12'><Cell N='PinX' V='2.88602359077532' F='Inh'/><Cell N='PinY' V='8.777628426080304' F='Inh'/><Cell N='Width' V='4.32716529178686' F='GUARD(EndX-BeginX)'/><Cell N='Height' V='-2.083416953245997' F='GUARD(EndY-BeginY)'/><Cell N='LocPinX' V='2.16358264589343' F='Inh'/><Cell N='LocPinY' V='-1.041708476622998' F='Inh'/><Cell N='BeginX' V='0.7224409448818898' F='_WALKGLUE(BegTrigger,EndTrigger,WalkPreference)'/><Cell N='BeginY' V='9.819336902703302' F='_WALKGLUE(BegTrigger,EndTrigger,WalkPreference)'/><Cell N='EndX' V='5.04960623666875' F='_WALKGLUE(EndTrigger,BegTrigger,WalkPreference)'/><Cell N='EndY' V='7.735919949457306' F='_WALKGLUE(EndTrigger,BegTrigger,WalkPreference)'/><Cell N='LayerMember' V='0'/><Cell N='BegTrigger' V='2' F='_XFTRIGGER(Sheet.1!EventXFMod)'/><Cell N='EndTrigger' V='2' F='_XFTRIGGER(Sheet.33!EventXFMod)'/><Cell N='ConFixedCode' V='6'/><Cell N='TxtPinX' V='2.163582563400269' F='Inh'/><Cell N='TxtPinY' V='-1.041708469390869' F='Inh'/><Section N='Control'><Row N='TextPosition'><Cell N='X' V='2.163582563400269'/><Cell N='Y' V='-1.041708469390869'/><Cell N='XDyn' V='2.163582563400269' F='Inh'/><Cell N='YDyn' V='-1.041708469390869' F='Inh'/></Row></Section><Section N='Geometry' IX='0'><Row T='MoveTo' IX='1'><Cell N='Y' V='0'/></Row><Row T='LineTo' IX='2'><Cell N='X' V='4.32716529178686'/><Cell N='Y' V='-2.083416953245997'/></Row></Section></Shape><Shape ID='68' Type='Shape' Master='12'><Cell N='PinX' V='2.917426204042547' F='Inh'/><Cell N='PinY' V='8.481881546799766' F='Inh'/><Cell N='Width' V='4.389970518321315' F='GUARD(EndX-BeginX)'/><Cell N='Height' V='-2.620378162421884' F='GUARD(EndY-BeginY)'/><Cell N='LocPinX' V='2.194985259160657' F='Inh'/><Cell N='LocPinY' V='-1.310189081210942' F='Inh'/><Cell N='BeginX' V='0.7224409448818898' F='_WALKGLUE(BegTrigger,EndTrigger,WalkPreference)'/><Cell N='BeginY' V='9.792070628010707' F='_WALKGLUE(BegTrigger,EndTrigger,WalkPreference)'/><Cell N='EndX' V='5.112411463203205' F='_WALKGLUE(EndTrigger,BegTrigger,WalkPreference)'/><Cell N='EndY' V='7.171692465588824' F='_WALKGLUE(EndTrigger,BegTrigger,WalkPreference)'/><Cell N='LayerMember' V='0'/><Cell N='BegTrigger' V='2' F='_XFTRIGGER(Sheet.1!EventXFMod)'/><Cell N='EndTrigger' V='2' F='_XFTRIGGER(Sheet.44!EventXFMod)'/><Cell N='ConFixedCode' V='6'/><Cell N='TxtPinX' V='2.194985151290894' F='Inh'/><Cell N='TxtPinY' V='-1.310189127922058' F='Inh'/><Section N='Control'><Row N='TextPosition'><Cell N='X' V='2.194985151290894'/><Cell N='Y' V='-1.310189127922058'/><Cell N='XDyn' V='2.194985151290894' F='Inh'/><Cell N='YDyn' V='-1.310189127922058' F='Inh'/></Row></Section><Section N='Geometry' IX='0'><Row T='MoveTo' IX='1'><Cell N='Y' V='0'/></Row><Row T='LineTo' IX='2'><Cell N='X' V='4.389970518321315'/><Cell N='Y' V='-2.620378162421884'/></Row></Section></Shape><Shape ID='69' Type='Shape' Master='12'><Cell N='PinX' V='2.94141505975783' F='Inh'/><Cell N='PinY' V='8.184166263636346' F='Inh'/><Cell N='Width' V='4.437948229751881' F='GUARD(EndX-BeginX)'/><Cell N='Height' V='-3.161276179363536' F='GUARD(EndY-BeginY)'/><Cell N='LocPinX' V='2.218974114875941' F='Inh'/><Cell N='LocPinY' V='-1.580638089681768' F='Inh'/><Cell N='BeginX' V='0.7224409448818898' F='_WALKGLUE(BegTrigger,EndTrigger,WalkPreference)'/><Cell N='BeginY' V='9.764804353318114' F='_WALKGLUE(BegTrigger,EndTrigger,WalkPreference)'/><Cell N='EndX' V='5.160389174633771' F='_WALKGLUE(EndTrigger,BegTrigger,WalkPreference)'/><Cell N='EndY' V='6.603528173954579' F='_WALKGLUE(EndTrigger,BegTrigger,WalkPreference)'/><Cell N='LayerMember' V='0'/><Cell N='BegTrigger' V='2' F='_XFTRIGGER(Sheet.1!EventXFMod)'/><Cell N='EndTrigger' V='2' F='_XFTRIGGER(Sheet.47!EventXFMod)'/><Cell N='ConFixedCode' V='6'/><Cell N='TxtPinX' V='2.218974113464356' F='Inh'/><Cell N='TxtPinY' V='-1.58063805103302' F='Inh'/><Section N='Control'><Row N='TextPosition'><Cell N='X' V='2.218974113464356'/><Cell N='Y' V='-1.58063805103302'/><Cell N='XDyn' V='2.218974113464356' F='Inh'/><Cell N='YDyn' V='-1.58063805103302' F='Inh'/></Row></Section><Section N='Geometry' IX='0'><Row T='MoveTo' IX='1'><Cell N='Y' V='0'/></Row><Row T='LineTo' IX='2'><Cell N='X' V='4.437948229751881'/><Cell N='Y' V='-3.161276179363536'/></Row></Section></Shape><Shape ID='71' Type='Shape' Master='12'><Cell N='PinX' V='9.394637860403591' F='Inh'/><Cell N='PinY' V='11.97834707242081' F='Inh'/><Cell N='Width' V='3.151669161082579' F='GUARD(EndX-BeginX)'/><Cell N='Height' V='-1.591570440317334' F='GUARD(EndY-BeginY)'/><Cell N='LocPinX' V='1.57583458054129' F='Inh'/><Cell N='LocPinY' V='-0.7957852201586668' F='Inh'/><Cell N='BeginX' V='7.818803279862302' F='_WALKGLUE(BegTrigger,EndTrigger,WalkPreference)'/><Cell N='BeginY' V='12.77413229257948' F='_WALKGLUE(BegTrigger,EndTrigger,WalkPreference)'/><Cell N='EndX' V='10.97047244094488' F='_WALKGLUE(EndTrigger,BegTrigger,WalkPreference)'/><Cell N='EndY' V='11.18256185226215' F='_WALKGLUE(EndTrigger,BegTrigger,WalkPreference)'/><Cell N='LayerMember' V='0'/><Cell N='BegTrigger' V='2' F='_XFTRIGGER(Sheet.34!EventXFMod)'/><Cell N='EndTrigger' V='2' F='_XFTRIGGER(Sheet.6!EventXFMod)'/><Cell N='ConFixedCode' V='6'/><Cell N='TxtPinX' V='1.575834631919861' F='Inh'/><Cell N='TxtPinY' V='-0.7957852482795715' F='Inh'/><Section N='Control'><Row N='TextPosition'><Cell N='X' V='1.575834631919861'/><Cell N='Y' V='-0.7957852482795715'/><Cell N='XDyn' V='1.575834631919861' F='Inh'/><Cell N='YDyn' V='-0.7957852482795715' F='Inh'/></Row></Section><Section N='Geometry' IX='0'><Row T='MoveTo' IX='1'><Cell N='Y' V='0'/></Row><Row T='LineTo' IX='2'><Cell N='X' V='3.151669161082579'/><Cell N='Y' V='-1.591570440317334'/></Row></Section></Shape><Shape ID='72' Type='Shape' Master='12'><Cell N='PinX' V='9.46545878120757' F='Inh'/><Cell N='PinY' V='11.61028980352685' F='Inh'/><Cell N='Width' V='3.010027319474623' F='GUARD(EndX-BeginX)'/><Cell N='Height' V='-0.9456154708590532' F='GUARD(EndY-BeginY)'/><Cell N='LocPinX' V='1.505013659737311' F='Inh'/><Cell N='LocPinY' V='-0.4728077354295266' F='Inh'/><Cell N='BeginX' V='7.960445121470259' F='_WALKGLUE(BegTrigger,EndTrigger,WalkPreference)'/><Cell N='BeginY' V='12.08309753895638' F='_WALKGLUE(BegTrigger,EndTrigger,WalkPreference)'/><Cell N='EndX' V='10.97047244094488' F='_WALKGLUE(EndTrigger,BegTrigger,WalkPreference)'/><Cell N='EndY' V='11.13748206809733' F='_WALKGLUE(EndTrigger,BegTrigger,WalkPreference)'/><Cell N='LayerMember' V='0'/><Cell N='BegTrigger' V='2' F='_XFTRIGGER(Sheet.36!EventXFMod)'/><Cell N='EndTrigger' V='2' F='_XFTRIGGER(Sheet.6!EventXFMod)'/><Cell N='ConFixedCode' V='6'/><Cell N='TxtPinX' V='1.505013704299927' F='Inh'/><Cell N='TxtPinY' V='-0.4728077352046967' F='Inh'/><Section N='Control'><Row N='TextPosition'><Cell N='X' V='1.505013704299927'/><Cell N='Y' V='-0.4728077352046967'/><Cell N='XDyn' V='1.505013704299927' F='Inh'/><Cell N='YDyn' V='-0.4728077352046967' F='Inh'/></Row></Section><Section N='Geometry' IX='0'><Row T='MoveTo' IX='1'><Cell N='Y' V='0'/></Row><Row T='LineTo' IX='2'><Cell N='X' V='3.010027319474623'/><Cell N='Y' V='-0.9456154708590532'/></Row></Section></Shape><Shape ID='73' Type='Shape' Master='12'><Cell N='PinX' V='9.557695860572776' F='Inh'/><Cell N='PinY' V='11.26662216128819' F='Inh'/><Cell N='Width' V='2.82555316074421' F='GUARD(EndX-BeginX)'/><Cell N='Height' V='-0.3484397547113787' F='GUARD(EndY-BeginY)'/><Cell N='LocPinX' V='1.412776580372105' F='Inh'/><Cell N='LocPinY' V='-0.1742198773556893' F='Inh'/><Cell N='BeginX' V='8.144919280200671' F='_WALKGLUE(BegTrigger,EndTrigger,WalkPreference)'/><Cell N='BeginY' V='11.44084203864388' F='_WALKGLUE(BegTrigger,EndTrigger,WalkPreference)'/><Cell N='EndX' V='10.97047244094488' F='_WALKGLUE(EndTrigger,BegTrigger,WalkPreference)'/><Cell N='EndY' V='11.0924022839325' F='_WALKGLUE(EndTrigger,BegTrigger,WalkPreference)'/><Cell N='LayerMember' V='0'/><Cell N='BegTrigger' V='2' F='_XFTRIGGER(Sheet.4!EventXFMod)'/><Cell N='EndTrigger' V='2' F='_XFTRIGGER(Sheet.6!EventXFMod)'/><Cell N='ConFixedCode' V='6'/><Cell N='TxtPinX' V='1.412776589393616' F='Inh'/><Cell N='TxtPinY' V='-0.1742198765277863' F='Inh'/><Section N='Control'><Row N='TextPosition'><Cell N='X' V='1.412776589393616'/><Cell N='Y' V='-0.1742198765277863'/><Cell N='XDyn' V='1.412776589393616' F='Inh'/><Cell N='YDyn' V='-0.1742198765277863' F='Inh'/></Row></Section><Section N='Geometry' IX='0'><Row T='MoveTo' IX='1'><Cell N='Y' V='0'/></Row><Row T='LineTo' IX='2'><Cell N='X' V='2.82555316074421'/><Cell N='Y' V='-0.3484397547113787'/></Row></Section></Shape><Shape ID='74' Type='Shape' Master='12'><Cell N='PinX' V='9.577651552971281' F='Inh'/><Cell N='PinY' V='10.95327868528842' F='Inh'/><Cell N='Width' V='2.785641775947202' F='GUARD(EndX-BeginX)'/><Cell N='Height' V='0.1968503937007874' F='GUARD(0.19685039370079DL)'/><Cell N='LocPinX' V='1.392820887973601' F='Inh'/><Cell N='BeginX' V='8.18483066499768' F='_WALKGLUE(BegTrigger,EndTrigger,WalkPreference)'/><Cell N='BeginY' V='10.85923487080917' F='_WALKGLUE(BegTrigger,EndTrigger,WalkPreference)'/><Cell N='EndX' V='10.97047244094488' F='_WALKGLUE(EndTrigger,BegTrigger,WalkPreference)'/><Cell N='EndY' V='11.04732249976768' F='_WALKGLUE(EndTrigger,BegTrigger,WalkPreference)'/><Cell N='LayerMember' V='0'/><Cell N='BegTrigger' V='2' F='_XFTRIGGER(Sheet.38!EventXFMod)'/><Cell N='EndTrigger' V='2' F='_XFTRIGGER(Sheet.6!EventXFMod)'/><Cell N='ConFixedCode' V='6'/><Cell N='TxtPinX' V='1.392820835113525' F='Inh'/><Cell N='TxtPinY' V='0.09842519904486835' F='Inh'/><Section N='Control'><Row N='TextPosition'><Cell N='X' V='1.392820835113525'/><Cell N='Y' V='0.09842519904486835'/><Cell N='XDyn' V='1.392820835113525' F='Inh'/><Cell N='YDyn' V='0.09842519904486835' F='Inh'/></Row></Section><Section N='Geometry' IX='0'><Row T='MoveTo' IX='1'><Cell N='Y' V='0.004381382371134279'/></Row><Row T='LineTo' IX='2'><Cell N='X' V='2.785641775947202'/><Cell N='Y' V='0.1924690113296528'/></Row></Section></Shape><Shape ID='75' Type='Shape' Master='12'><Cell N='PinX' V='9.491880803421658' F='Inh'/><Cell N='PinY' V='10.62023652070336' F='Inh'/><Cell N='Width' V='2.957183275046445' F='GUARD(EndX-BeginX)'/><Cell N='Height' V='0.7640123897990119' F='GUARD(EndY-BeginY)'/><Cell N='LocPinX' V='1.478591637523222' F='Inh'/><Cell N='LocPinY' V='0.3820061948995059' F='Inh'/><Cell N='BeginX' V='8.013289165898437' F='_WALKGLUE(BegTrigger,EndTrigger,WalkPreference)'/><Cell N='BeginY' V='10.23823032580385' F='_WALKGLUE(BegTrigger,EndTrigger,WalkPreference)'/><Cell N='EndX' V='10.97047244094488' F='_WALKGLUE(EndTrigger,BegTrigger,WalkPreference)'/><Cell N='EndY' V='11.00224271560286' F='_WALKGLUE(EndTrigger,BegTrigger,WalkPreference)'/><Cell N='LayerMember' V='0'/><Cell N='BegTrigger' V='2' F='_XFTRIGGER(Sheet.8!EventXFMod)'/><Cell N='EndTrigger' V='2' F='_XFTRIGGER(Sheet.6!EventXFMod)'/><Cell N='ConFixedCode' V='6'/><Cell N='TxtPinX' V='1.478591680526733' F='Inh'/><Cell N='TxtPinY' V='0.3820061981678009' F='Inh'/><Section N='Control'><Row N='TextPosition'><Cell N='X' V='1.478591680526733'/><Cell N='Y' V='0.3820061981678009'/><Cell N='XDyn' V='1.478591680526733' F='Inh'/><Cell N='YDyn' V='0.3820061981678009' F='Inh'/></Row></Section><Section N='Geometry' IX='0'><Row T='MoveTo' IX='1'><Cell N='Y' V='0'/></Row><Row T='LineTo' IX='2'><Cell N='X' V='2.957183275046445'/><Cell N='Y' V='0.7640123897990119'/></Row></Section></Shape><Shape ID='76' Type='Shape' Master='12'><Cell N='PinX' V='9.413364817962961' F='Inh'/><Cell N='PinY' V='10.25771657217126' F='Inh'/><Cell N='Width' V='3.114215245963843' F='GUARD(EndX-BeginX)'/><Cell N='Height' V='1.398892718533565' F='GUARD(EndY-BeginY)'/><Cell N='LocPinX' V='1.557107622981921' F='Inh'/><Cell N='LocPinY' V='0.6994463592667826' F='Inh'/><Cell N='BeginX' V='7.856257194981039' F='_WALKGLUE(BegTrigger,EndTrigger,WalkPreference)'/><Cell N='BeginY' V='9.558270212904478' F='_WALKGLUE(BegTrigger,EndTrigger,WalkPreference)'/><Cell N='EndX' V='10.97047244094488' F='_WALKGLUE(EndTrigger,BegTrigger,WalkPreference)'/><Cell N='EndY' V='10.95716293143804' F='_WALKGLUE(EndTrigger,BegTrigger,WalkPreference)'/><Cell N='LayerMember' V='0'/><Cell N='BegTrigger' V='2' F='_XFTRIGGER(Sheet.31!EventXFMod)'/><Cell N='EndTrigger' V='2' F='_XFTRIGGER(Sheet.6!EventXFMod)'/><Cell N='ConFixedCode' V='6'/><Cell N='TxtPinX' V='1.55710756778717' F='Inh'/><Cell N='TxtPinY' V='0.6994463801383972' F='Inh'/><Section N='Control'><Row N='TextPosition'><Cell N='X' V='1.55710756778717'/><Cell N='Y' V='0.6994463801383972'/><Cell N='XDyn' V='1.55710756778717' F='Inh'/><Cell N='YDyn' V='0.6994463801383972' F='Inh'/></Row></Section><Section N='Geometry' IX='0'><Row T='MoveTo' IX='1'><Cell N='Y' V='0'/></Row><Row T='LineTo' IX='2'><Cell N='X' V='3.114215245963843'/><Cell N='Y' V='1.398892718533565'/></Row></Section></Shape><Shape ID='77' Type='Shape' Master='12'><Cell N='PinX' V='9.360651583855287' F='Inh'/><Cell N='PinY' V='9.881743624355604' F='Inh'/><Cell N='Width' V='3.21964171417919' F='GUARD(EndX-BeginX)'/><Cell N='Height' V='2.060679045835238' F='GUARD(EndY-BeginY)'/><Cell N='LocPinX' V='1.609820857089595' F='Inh'/><Cell N='LocPinY' V='1.030339522917619' F='Inh'/><Cell N='BeginX' V='7.750830726765692' F='_WALKGLUE(BegTrigger,EndTrigger,WalkPreference)'/><Cell N='BeginY' V='8.851404101437984' F='_WALKGLUE(BegTrigger,EndTrigger,WalkPreference)'/><Cell N='EndX' V='10.97047244094488' F='_WALKGLUE(EndTrigger,BegTrigger,WalkPreference)'/><Cell N='EndY' V='10.91208314727322' F='_WALKGLUE(EndTrigger,BegTrigger,WalkPreference)'/><Cell N='LayerMember' V='0'/><Cell N='BegTrigger' V='2' F='_XFTRIGGER(Sheet.52!EventXFMod)'/><Cell N='EndTrigger' V='2' F='_XFTRIGGER(Sheet.6!EventXFMod)'/><Cell N='ConFixedCode' V='6'/><Cell N='TxtPinX' V='1.60982084274292' F='Inh'/><Cell N='TxtPinY' V='1.030339479446411' F='Inh'/><Section N='Control'><Row N='TextPosition'><Cell N='X' V='1.60982084274292'/><Cell N='Y' V='1.030339479446411'/><Cell N='XDyn' V='1.60982084274292' F='Inh'/><Cell N='YDyn' V='1.030339479446411' F='Inh'/></Row></Section><Section N='Geometry' IX='0'><Row T='MoveTo' IX='1'><Cell N='Y' V='0'/></Row><Row T='LineTo' IX='2'><Cell N='X' V='3.21964171417919'/><Cell N='Y' V='2.060679045835238'/></Row></Section></Shape><Shape ID='78' Type='Shape' Master='12'><Cell N='PinX' V='2.917426204042547' F='Inh'/><Cell N='PinY' V='8.481881546799766' F='Inh'/><Cell N='Width' V='-4.389970518321315' F='GUARD(EndX-BeginX)'/><Cell N='Height' V='2.620378162421884' F='GUARD(EndY-BeginY)'/><Cell N='LocPinX' V='-2.194985259160657' F='Inh'/><Cell N='LocPinY' V='1.310189081210942' F='Inh'/><Cell N='BeginX' V='5.112411463203205' F='_WALKGLUE(BegTrigger,EndTrigger,WalkPreference)'/><Cell N='BeginY' V='7.171692465588824' F='_WALKGLUE(BegTrigger,EndTrigger,WalkPreference)'/><Cell N='EndX' V='0.7224409448818898' F='_WALKGLUE(EndTrigger,BegTrigger,WalkPreference)'/><Cell N='EndY' V='9.792070628010707' F='_WALKGLUE(EndTrigger,BegTrigger,WalkPreference)'/><Cell N='LayerMember' V='0'/><Cell N='BegTrigger' V='2' F='_XFTRIGGER(Sheet.44!EventXFMod)'/><Cell N='EndTrigger' V='2' F='_XFTRIGGER(Sheet.1!EventXFMod)'/><Cell N='ConFixedCode' V='6'/><Cell N='TxtPinX' V='-2.194985151290894' F='Inh'/><Cell N='TxtPinY' V='1.310189127922058' F='Inh'/><Section N='Control'><Row N='TextPosition'><Cell N='X' V='-2.194985151290894'/><Cell N='Y' V='1.310189127922058'/><Cell N='XDyn' V='-2.194985151290894' F='Inh'/><Cell N='YDyn' V='1.310189127922058' F='Inh'/></Row></Section><Section N='Geometry' IX='0'><Row T='MoveTo' IX='1'><Cell N='Y' V='0'/></Row><Row T='LineTo' IX='2'><Cell N='X' V='-4.389970518321315'/><Cell N='Y' V='2.620378162421884'/></Row></Section></Shape><Shape ID='81' Type='Shape' Master='12'><Cell N='PinX' V='2.735286564094033' F='Inh'/><Cell N='PinY' V='9.629014767753699' F='Inh'/><Cell N='Width' V='4.025691238424287' F='GUARD(EndX-BeginX)'/><Cell N='Height' V='-0.5442419181387255' F='GUARD(EndY-BeginY)'/><Cell N='LocPinX' V='2.012845619212143' F='Inh'/><Cell N='LocPinY' V='-0.2721209590693627' F='Inh'/><Cell N='BeginX' V='0.7224409448818898' F='_WALKGLUE(BegTrigger,EndTrigger,WalkPreference)'/><Cell N='BeginY' V='9.901135726823062' F='_WALKGLUE(BegTrigger,EndTrigger,WalkPreference)'/><Cell N='EndX' V='4.748132183306177' F='_WALKGLUE(EndTrigger,BegTrigger,WalkPreference)'/><Cell N='EndY' V='9.356893808684337' F='_WALKGLUE(EndTrigger,BegTrigger,WalkPreference)'/><Cell N='LayerMember' V='0'/><Cell N='BegTrigger' V='2' F='_XFTRIGGER(Sheet.1!EventXFMod)'/><Cell N='EndTrigger' V='2' F='_XFTRIGGER(Sheet.7!EventXFMod)'/><Cell N='ConFixedCode' V='6'/><Cell N='TxtPinX' V='2.012845516204834' F='Inh'/><Cell N='TxtPinY' V='-0.2721209526062012' F='Inh'/><Section N='Control'><Row N='TextPosition'><Cell N='X' V='2.012845516204834'/><Cell N='Y' V='-0.2721209526062012'/><Cell N='XDyn' V='2.012845516204834' F='Inh'/><Cell N='YDyn' V='-0.2721209526062012' F='Inh'/></Row></Section><Section N='Geometry' IX='0'><Row T='MoveTo' IX='1'><Cell N='Y' V='0'/></Row><Row T='LineTo' IX='2'><Cell N='X' V='4.025691238424287'/><Cell N='Y' V='-0.5442419181387255'/></Row></Section></Shape><Shape ID='88' Type='Shape' Master='12'><Cell N='PinX' V='2.94141505975783' F='Inh'/><Cell N='PinY' V='8.184166263636346' F='Inh'/><Cell N='Width' V='4.437948229751881' F='GUARD(EndX-BeginX)'/><Cell N='Height' V='-3.161276179363536' F='GUARD(EndY-BeginY)'/><Cell N='LocPinX' V='2.218974114875941' F='Inh'/><Cell N='LocPinY' V='-1.580638089681768' F='Inh'/><Cell N='BeginX' V='0.7224409448818898' F='_WALKGLUE(BegTrigger,EndTrigger,WalkPreference)'/><Cell N='BeginY' V='9.764804353318114' F='_WALKGLUE(BegTrigger,EndTrigger,WalkPreference)'/><Cell N='EndX' V='5.160389174633771' F='_WALKGLUE(EndTrigger,BegTrigger,WalkPreference)'/><Cell N='EndY' V='6.603528173954579' F='_WALKGLUE(EndTrigger,BegTrigger,WalkPreference)'/><Cell N='LayerMember' V='0'/><Cell N='BegTrigger' V='2' F='_XFTRIGGER(Sheet.1!EventXFMod)'/><Cell N='EndTrigger' V='2' F='_XFTRIGGER(Sheet.47!EventXFMod)'/><Cell N='ConFixedCode' V='6'/><Cell N='TxtPinX' V='2.218974113464356' F='Inh'/><Cell N='TxtPinY' V='-1.58063805103302' F='Inh'/><Section N='Control'><Row N='TextPosition'><Cell N='X' V='2.218974113464356'/><Cell N='Y' V='-1.58063805103302'/><Cell N='XDyn' V='2.218974113464356' F='Inh'/><Cell N='YDyn' V='-1.58063805103302' F='Inh'/></Row></Section><Section N='Geometry' IX='0'><Row T='MoveTo' IX='1'><Cell N='Y' V='0'/></Row><Row T='LineTo' IX='2'><Cell N='X' V='4.437948229751881'/><Cell N='Y' V='-3.161276179363536'/></Row></Section></Shape><Shape ID='89' Type='Shape' Master='12'><Cell N='PinX' V='2.960075982155959' F='Inh'/><Cell N='PinY' V='7.885323272501148' F='Inh'/><Cell N='Width' V='4.475270074548138' F='GUARD(EndX-BeginX)'/><Cell N='Height' V='-3.704429612248744' F='GUARD(EndY-BeginY)'/><Cell N='LocPinX' V='2.237635037274069' F='Inh'/><Cell N='LocPinY' V='-1.852214806124372' F='Inh'/><Cell N='BeginX' V='0.7224409448818898' F='_WALKGLUE(BegTrigger,EndTrigger,WalkPreference)'/><Cell N='BeginY' V='9.737538078625521' F='_WALKGLUE(BegTrigger,EndTrigger,WalkPreference)'/><Cell N='EndX' V='5.197711019430028' F='_WALKGLUE(EndTrigger,BegTrigger,WalkPreference)'/><Cell N='EndY' V='6.033108466376777' F='_WALKGLUE(EndTrigger,BegTrigger,WalkPreference)'/><Cell N='LayerMember' V='0'/><Cell N='BegTrigger' V='2' F='_XFTRIGGER(Sheet.1!EventXFMod)'/><Cell N='EndTrigger' V='2' F='_XFTRIGGER(Sheet.20!EventXFMod)'/><Cell N='ConFixedCode' V='6'/><Cell N='TxtPinX' V='2.237635135650635' F='Inh'/><Cell N='TxtPinY' V='-1.852214813232422' F='Inh'/><Section N='Control'><Row N='TextPosition'><Cell N='X' V='2.237635135650635'/><Cell N='Y' V='-1.852214813232422'/><Cell N='XDyn' V='2.237635135650635' F='Inh'/><Cell N='YDyn' V='-1.852214813232422' F='Inh'/></Row></Section><Section N='Geometry' IX='0'><Row T='MoveTo' IX='1'><Cell N='Y' V='0'/></Row><Row T='LineTo' IX='2'><Cell N='X' V='4.475270074548138'/><Cell N='Y' V='-3.704429612248744'/></Row></Section></Shape><Shape ID='90' Type='Shape' Master='12'><Cell N='PinX' V='2.933891081209051' F='Inh'/><Cell N='PinY' V='11.57985986083086' F='Inh'/><Cell N='Width' V='4.422900272654322' F='GUARD(EndX-BeginX)'/><Cell N='Height' V='2.975720420836316' F='GUARD(EndY-BeginY)'/><Cell N='LocPinX' V='2.211450136327161' F='Inh'/><Cell N='LocPinY' V='1.487860210418158' F='Inh'/><Cell N='BeginX' V='0.7224409448818898' F='_WALKGLUE(BegTrigger,EndTrigger,WalkPreference)'/><Cell N='BeginY' V='10.0919996504127' F='_WALKGLUE(BegTrigger,EndTrigger,WalkPreference)'/><Cell N='EndX' V='5.145341217536211' F='_WALKGLUE(EndTrigger,BegTrigger,WalkPreference)'/><Cell N='EndY' V='13.06772007124902' F='_WALKGLUE(EndTrigger,BegTrigger,WalkPreference)'/><Cell N='LayerMember' V='0'/><Cell N='BegTrigger' V='2' F='_XFTRIGGER(Sheet.1!EventXFMod)'/><Cell N='EndTrigger' V='2' F='_XFTRIGGER(Sheet.22!EventXFMod)'/><Cell N='Relationships' V='0' F='SUM(DEPENDSON(4))'/><Cell N='ConFixedCode' V='6'/><Cell N='TxtPinX' V='2.211450099945068' F='Inh'/><Cell N='TxtPinY' V='1.487860202789307' F='Inh'/><Section N='Control'><Row N='TextPosition'><Cell N='X' V='2.211450099945068'/><Cell N='Y' V='1.487860202789307'/><Cell N='XDyn' V='2.211450099945068' F='Inh'/><Cell N='YDyn' V='1.487860202789307' F='Inh'/></Row></Section><Section N='Geometry' IX='0'><Row T='MoveTo' IX='1'><Cell N='Y' V='0'/></Row><Row T='LineTo' IX='2'><Cell N='X' V='4.422900272654322'/><Cell N='Y' V='2.975720420836316'/></Row></Section></Shape><Shape ID='91' Type='Shape' Master='12'><Cell N='PinX' V='2.961134674521053' F='Inh'/><Cell N='PinY' V='7.59877444435177' F='Inh'/><Cell N='Width' V='4.532411124375059' F='GUARD(EndX-BeginX)'/><Cell N='Height' V='-4.274892092183035' F='GUARD(EndY-BeginY)'/><Cell N='LocPinX' V='2.26620556218753' F='Inh'/><Cell N='LocPinY' V='-2.137446046091517' F='Inh'/><Cell N='BeginX' V='0.6949291123335231' F='_WALKGLUE(BegTrigger,EndTrigger,WalkPreference)'/><Cell N='BeginY' V='9.736220490443287' F='_WALKGLUE(BegTrigger,EndTrigger,WalkPreference)'/><Cell N='EndX' V='5.227340236708582' F='_WALKGLUE(EndTrigger,BegTrigger,WalkPreference)'/><Cell N='EndY' V='5.461328398260252' F='_WALKGLUE(EndTrigger,BegTrigger,WalkPreference)'/><Cell N='LayerMember' V='0'/><Cell N='BegTrigger' V='2' F='_XFTRIGGER(Sheet.1!EventXFMod)'/><Cell N='EndTrigger' V='2' F='_XFTRIGGER(Sheet.51!EventXFMod)'/><Cell N='ConFixedCode' V='6'/><Cell N='TxtPinX' V='2.266205549240112' F='Inh'/><Cell N='TxtPinY' V='-2.137446165084839' F='Inh'/><Section N='Control'><Row N='TextPosition'><Cell N='X' V='2.266205549240112'/><Cell N='Y' V='-2.137446165084839'/><Cell N='XDyn' V='2.266205549240112' F='Inh'/><Cell N='YDyn' V='-2.137446165084839' F='Inh'/></Row></Section><Section N='Geometry' IX='0'><Row T='MoveTo' IX='1'><Cell N='Y' V='0'/></Row><Row T='LineTo' IX='2'><Cell N='X' V='4.532411124375059'/><Cell N='Y' V='-4.274892092183035'/></Row></Section></Shape></Shapes><Connects><Connect FromSheet='91' FromCell='EndX' FromPart='12' ToSheet='51' ToCell='PinX' ToPart='3'/><Connect FromSheet='91' FromCell='BeginX' FromPart='9' ToSheet='1' ToCell='PinX' ToPart='3'/><Connect FromSheet='90' FromCell='EndX' FromPart='12' ToSheet='22' ToCell='PinX' ToPart='3'/><Connect FromSheet='90' FromCell='BeginX' FromPart='9' ToSheet='1' ToCell='PinX' ToPart='3'/><Connect FromSheet='89' FromCell='EndX' FromPart='12' ToSheet='20' ToCell='PinX' ToPart='3'/><Connect FromSheet='89' FromCell='BeginX' FromPart='9' ToSheet='1' ToCell='PinX' ToPart='3'/><Connect FromSheet='88' FromCell='EndX' FromPart='12' ToSheet='47' ToCell='PinX' ToPart='3'/><Connect FromSheet='88' FromCell='BeginX' FromPart='9' ToSheet='1' ToCell='PinX' ToPart='3'/><Connect FromSheet='81' FromCell='EndX' FromPart='12' ToSheet='7' ToCell='PinX' ToPart='3'/><Connect FromSheet='81' FromCell='BeginX' FromPart='9' ToSheet='1' ToCell='PinX' ToPart='3'/><Connect FromSheet='78' FromCell='EndX' FromPart='12' ToSheet='1' ToCell='PinX' ToPart='3'/><Connect FromSheet='78' FromCell='BeginX' FromPart='9' ToSheet='44' ToCell='PinX' ToPart='3'/><Connect FromSheet='77' FromCell='EndX' FromPart='12' ToSheet='6' ToCell='PinX' ToPart='3'/><Connect FromSheet='77' FromCell='BeginX' FromPart='9' ToSheet='52' ToCell='PinX' ToPart='3'/><Connect FromSheet='76' FromCell='EndX' FromPart='12' ToSheet='6' ToCell='PinX' ToPart='3'/><Connect FromSheet='76' FromCell='BeginX' FromPart='9' ToSheet='31' ToCell='PinX' ToPart='3'/><Connect FromSheet='75' FromCell='EndX' FromPart='12' ToSheet='6' ToCell='PinX' ToPart='3'/><Connect FromSheet='75' FromCell='BeginX' FromPart='9' ToSheet='8' ToCell='PinX' ToPart='3'/><Connect FromSheet='74' FromCell='EndX' FromPart='12' ToSheet='6' ToCell='PinX' ToPart='3'/><Connect FromSheet='74' FromCell='BeginX' FromPart='9' ToSheet='38' ToCell='PinX' ToPart='3'/><Connect FromSheet='73' FromCell='EndX' FromPart='12' ToSheet='6' ToCell='PinX' ToPart='3'/><Connect FromSheet='73' FromCell='BeginX' FromPart='9' ToSheet='4' ToCell='PinX' ToPart='3'/><Connect FromSheet='72' FromCell='EndX' FromPart='12' ToSheet='6' ToCell='PinX' ToPart='3'/><Connect FromSheet='72' FromCell='BeginX' FromPart='9' ToSheet='36' ToCell='PinX' ToPart='3'/><Connect FromSheet='71' FromCell='EndX' FromPart='12' ToSheet='6' ToCell='PinX' ToPart='3'/><Connect FromSheet='71' FromCell='BeginX' FromPart='9' ToSheet='34' ToCell='PinX' ToPart='3'/><Connect FromSheet='69' FromCell='EndX' FromPart='12' ToSheet='47' ToCell='PinX' ToPart='3'/><Connect FromSheet='69' FromCell='BeginX' FromPart='9' ToSheet='1' ToCell='PinX' ToPart='3'/><Connect FromSheet='68' FromCell='EndX' FromPart='12' ToSheet='44' ToCell='PinX' ToPart='3'/><Connect FromSheet='68' FromCell='BeginX' FromPart='9' ToSheet='1' ToCell='PinX' ToPart='3'/><Connect FromSheet='67' FromCell='EndX' FromPart='12' ToSheet='33' ToCell='PinX' ToPart='3'/><Connect FromSheet='67' FromCell='BeginX' FromPart='9' ToSheet='1' ToCell='PinX' ToPart='3'/><Connect FromSheet='66' FromCell='EndX' FromPart='12' ToSheet='32' ToCell='PinX' ToPart='3'/><Connect FromSheet='66' FromCell='BeginX' FromPart='9' ToSheet='1' ToCell='PinX' ToPart='3'/><Connect FromSheet='64' FromCell='EndX' FromPart='12' ToSheet='19' ToCell='PinX' ToPart='3'/><Connect FromSheet='64' FromCell='BeginX' FromPart='9' ToSheet='1' ToCell='PinX' ToPart='3'/><Connect FromSheet='63' FromCell='EndX' FromPart='12' ToSheet='17' ToCell='PinX' ToPart='3'/><Connect FromSheet='63' FromCell='BeginX' FromPart='9' ToSheet='1' ToCell='PinX' ToPart='3'/><Connect FromSheet='62' FromCell='EndX' FromPart='12' ToSheet='30' ToCell='PinX' ToPart='3'/><Connect FromSheet='62' FromCell='BeginX' FromPart='9' ToSheet='1' ToCell='PinX' ToPart='3'/><Connect FromSheet='61' FromCell='EndX' FromPart='12' ToSheet='2' ToCell='PinX' ToPart='3'/><Connect FromSheet='61' FromCell='BeginX' FromPart='9' ToSheet='1' ToCell='PinX' ToPart='3'/><Connect FromSheet='60' FromCell='EndX' FromPart='12' ToSheet='46' ToCell='PinX' ToPart='3'/><Connect FromSheet='55' FromCell='BeginX' FromPart='9' ToSheet='1' ToCell='PinX' ToPart='3'/><Connect FromSheet='55' FromCell='EndX' FromPart='12' ToSheet='16' ToCell='PinX' ToPart='3'/><Connect FromSheet='56' FromCell='BeginX' FromPart='9' ToSheet='1' ToCell='PinX' ToPart='3'/><Connect FromSheet='56' FromCell='EndX' FromPart='12' ToSheet='15' ToCell='PinX' ToPart='3'/><Connect FromSheet='58' FromCell='BeginX' FromPart='9' ToSheet='1' ToCell='PinX' ToPart='3'/><Connect FromSheet='58' FromCell='EndX' FromPart='12' ToSheet='12' ToCell='PinX' ToPart='3'/><Connect FromSheet='59' FromCell='BeginX' FromPart='9' ToSheet='1' ToCell='PinX' ToPart='3'/><Connect FromSheet='59' FromCell='EndX' FromPart='12' ToSheet='23' ToCell='PinX' ToPart='3'/><Connect FromSheet='60' FromCell='BeginX' FromPart='9' ToSheet='1' ToCell='PinX' ToPart='3'/></Connects></PageContents>