<?xml version='1.0' encoding='utf-8' ?>
<MasterContents xmlns='http://schemas.microsoft.com/office/visio/2012/main' xmlns:r='http://schemas.openxmlformats.org/officeDocument/2006/relationships' xml:space='preserve'><Shapes><Shape ID='5' Type='Shape' LineStyle='3' FillStyle='3' TextStyle='3'><Cell N='PinX' V='1.968503937007874' U='MM'/><Cell N='PinY' V='1.968503933253251' U='MM'/><Cell N='Width' V='0.4724409448818898' U='MM'/><Cell N='Height' V='0.984251968503937' U='MM'/><Cell N='LocPinX' V='0.2362204724409449' U='MM' F='Width*0.5'/><Cell N='LocPinY' V='0.4921259842519685' U='MM' F='Height*0.5'/><Cell N='Angle' V='0'/><Cell N='FlipX' V='0'/><Cell N='FlipY' V='0'/><Cell N='ResizeMode' V='0'/><Cell N='QuickStyleLineColor' V='102'/><Cell N='QuickStyleFillColor' V='102'/><Cell N='QuickStyleShadowColor' V='102'/><Cell N='QuickStyleFontColor' V='102'/><Cell N='QuickStyleLineMatrix' V='102'/><Cell N='QuickStyleFillMatrix' V='102'/><Cell N='QuickStyleEffectsMatrix' V='102'/><Cell N='QuickStyleFontMatrix' V='102'/><Cell N='QuickStyleVariation' V='2'/><Cell N='TxtPinX' V='0.2362204724409449' U='MM' F='Width*0.5'/><Cell N='TxtPinY' V='0' U='MM' F='Height*0'/><Cell N='TxtWidth' V='0.1111111111111111' F='TEXTWIDTH(TheText)'/><Cell N='TxtHeight' V='0.3111111111111111' F='TEXTHEIGHT(TheText,TxtWidth)'/><Cell N='TxtLocPinX' V='0.05555555555555555' F='TxtWidth*0.5'/><Cell N='TxtLocPinY' V='0.3111111111111111' F='TxtHeight'/><Cell N='TxtAngle' V='0'/><Cell N='ObjType' V='1'/><Cell N='NoProofing' V='1'/><Cell N='ShapeSplit' V='1'/><Cell N='HelpTopic' V='Vis_PRXY.chm!#60748'/><Cell N='Copyright' V='Copyright (c) 2012 Microsoft Corporation.  All rights reserved.'/><Cell N='DefaultTabStop' V='0.5905511811023622' U='MM'/><Section N='User'><Row N='visVersion'><Cell N='Value' V='15'/><Cell N='Prompt' V=''/></Row></Section><Section N='Paragraph'><Row IX='0'><Cell N='IndFirst' V='0' U='MM'/><Cell N='IndLeft' V='0' U='MM'/><Cell N='IndRight' V='0' U='MM'/><Cell N='TextPosAfterBullet' V='0' U='MM'/></Row></Section><Section N='Geometry' IX='0'><Cell N='NoFill' V='0'/><Cell N='NoLine' V='0'/><Cell N='NoShow' V='0'/><Cell N='NoSnap' V='0'/><Cell N='NoQuickDrag' V='0'/><Row T='RelMoveTo' IX='1'><Cell N='X' V='0.2'/><Cell N='Y' V='0'/></Row><Row T='RelLineTo' IX='2'><Cell N='X' V='0.2'/><Cell N='Y' V='0.5'/></Row><Row T='RelLineTo' IX='3'><Cell N='X' V='0.2'/><Cell N='Y' V='0.3'/></Row><Row T='RelLineTo' IX='4'><Cell N='X' V='0'/><Cell N='Y' V='0.3'/></Row><Row T='RelLineTo' IX='5'><Cell N='X' V='0'/><Cell N='Y' V='0.7'/></Row><Row T='RelLineTo' IX='6'><Cell N='X' V='0.1'/><Cell N='Y' V='0.75'/></Row><Row T='RelLineTo' IX='7'><Cell N='X' V='0.9'/><Cell N='Y' V='0.75'/></Row><Row T='RelLineTo' IX='8'><Cell N='X' V='1'/><Cell N='Y' V='0.7'/></Row><Row T='RelLineTo' IX='9'><Cell N='X' V='1'/><Cell N='Y' V='0.3'/></Row><Row T='RelLineTo' IX='10'><Cell N='X' V='0.8'/><Cell N='Y' V='0.3'/></Row><Row T='RelLineTo' IX='11'><Cell N='X' V='0.8'/><Cell N='Y' V='0.5'/></Row><Row T='RelLineTo' IX='12'><Cell N='X' V='0.8'/><Cell N='Y' V='0'/></Row><Row T='RelLineTo' IX='13'><Cell N='X' V='0.5'/><Cell N='Y' V='0'/></Row><Row T='RelLineTo' IX='14'><Cell N='X' V='0.5'/><Cell N='Y' V='0.4'/></Row><Row T='RelLineTo' IX='15'><Cell N='X' V='0.5'/><Cell N='Y' V='0'/></Row><Row T='RelLineTo' IX='16'><Cell N='X' V='0.2' F='Geometry1.X1'/><Cell N='Y' V='0' F='Geometry1.Y1'/></Row></Section><Section N='Geometry' IX='1'><Cell N='NoFill' V='0'/><Cell N='NoLine' V='0'/><Cell N='NoShow' V='0'/><Cell N='NoSnap' V='0'/><Cell N='NoQuickDrag' V='0'/><Row T='Ellipse' IX='1'><Cell N='X' V='0.2362204724409449' U='MM' F='Width*0.5'/><Cell N='Y' V='0.8858267716535434' U='MM' F='Height*0.9'/><Cell N='A' V='0.3346456692913386' U='MM' F='Width*0.5+Height*0.1'/><Cell N='B' V='0.8858267716535434' U='MM' F='Height*0.9'/><Cell N='C' V='0.2362204724409449' U='MM' F='Width*0.5'/><Cell N='D' V='0.984251968503937' U='MM' F='Height*1'/></Row></Section></Shape></Shapes></MasterContents>