<?xml version='1.0' encoding='utf-8' ?>
<MasterContents xmlns='http://schemas.microsoft.com/office/visio/2012/main' xmlns:r='http://schemas.openxmlformats.org/officeDocument/2006/relationships' xml:space='preserve'><Shapes><Shape ID='5' Type='Shape' LineStyle='3' FillStyle='3' TextStyle='3'><Cell N='PinX' V='1.968503954842335' U='MM'/><Cell N='PinY' V='1.968503930437283' U='MM'/><Cell N='Width' V='1.574803149606299' U='MM' F='MAX(TEXTWIDTH(TheText),40MM*DropOnPageScale)'/><Cell N='Height' V='0.4724409448818898' U='MM' F='MAX(TEXTHEIGHT(TheText,Width),12MM*DropOnPageScale)'/><Cell N='LocPinX' V='0.7874015748031495' U='MM' F='Width*0.5'/><Cell N='LocPinY' V='0.2362204724409449' U='MM' F='Height*0.5'/><Cell N='Angle' V='0'/><Cell N='FlipX' V='0'/><Cell N='FlipY' V='0'/><Cell N='ResizeMode' V='0'/><Cell N='ObjType' V='1'/><Cell N='NoProofing' V='1'/><Cell N='LockRotate' V='1'/><Cell N='ShapeSplit' V='1'/><Cell N='HelpTopic' V='Vis_PRXY.chm!#60749'/><Cell N='Copyright' V='Copyright (c) 2012 Microsoft Corporation.  All rights reserved.'/><Cell N='DefaultTabStop' V='0.5905511811023622' U='MM'/><Section N='User'><Row N='visVersion'><Cell N='Value' V='15'/><Cell N='Prompt' V=''/></Row></Section><Section N='Paragraph'><Row IX='0'><Cell N='IndFirst' V='0' U='MM'/><Cell N='IndLeft' V='0' U='MM'/><Cell N='IndRight' V='0' U='MM'/><Cell N='TextPosAfterBullet' V='0' U='MM'/></Row></Section><Section N='Geometry' IX='0'><Cell N='NoFill' V='0'/><Cell N='NoLine' V='0'/><Cell N='NoShow' V='0'/><Cell N='NoSnap' V='0'/><Cell N='NoQuickDrag' V='0'/><Row T='Ellipse' IX='1'><Cell N='X' V='0.7874015748031495' U='MM' F='Width*0.5'/><Cell N='Y' V='0.2362204724409449' U='MM' F='Height*0.5'/><Cell N='A' V='1.574803149606299' U='MM' F='Width*1'/><Cell N='B' V='0.2362204724409449' U='MM' F='Height*0.5'/><Cell N='C' V='0.7874015748031495' U='MM' F='Width*0.5'/><Cell N='D' V='0.4724409448818898' U='MM' F='Height*1'/></Row></Section></Shape></Shapes></MasterContents>