<?xml version='1.0' encoding='utf-8' ?>
<Windows ClientWidth='4096' ClientHeight='1984' xmlns='http://schemas.microsoft.com/office/visio/2012/main' xmlns:r='http://schemas.openxmlformats.org/officeDocument/2006/relationships' xml:space='preserve'><Window ID='0' WindowType='Drawing' WindowState='1073741824' WindowLeft='-11' WindowTop='-45' WindowWidth='4118' WindowHeight='2040' ContainerType='Page' Page='0' ViewScale='0.98777777777778' ViewCenterX='5.8949663032278' ViewCenterY='9.3644545210489'><ShowRulers>1</ShowRulers><ShowGrid>0</ShowGrid><ShowPageBreaks>1</ShowPageBreaks><ShowGuides>1</ShowGuides><ShowConnectionPoints>1</ShowConnectionPoints><GlueSettings>9</GlueSettings><SnapSettings>65847</SnapSettings><SnapExtensions>34</SnapExtensions><SnapAngles/><DynamicGridEnabled>1</DynamicGridEnabled><TabSplitterPos>0.5</TabSplitterPos></Window><Window ID='1' WindowType='Stencil' WindowState='67109889' WindowLeft='-297' WindowTop='-9' WindowWidth='288' WindowHeight='1314' Document='C:\Program Files (x86)\Microsoft Office\Root\Office16\visio content\1033\UUSEME_M.VSSX' ParentWindow='0'><StencilGroup>10</StencilGroup><StencilGroupPos>1</StencilGroupPos></Window></Windows>